id,title,company,level,required_skills,nice_to_have,years_experience,salary_range
jd_0001,Tech Lead (Full Stack),Pixel Craft Studio,Senior,"Next.js, TypeScript, Prisma, PostgreSQL, Tailwind CSS, Vercel, Git, REST APIs","Playwright, Accessibility, Cypress",6,"$132,000 - $162,000"
jd_0002,Senior Full Stack Developer,LightSpeed Dev,Senior,"React, Ruby on Rails, PostgreSQL, Redis, Sidekiq, Docker","Accessibility, Storybook, Playwright, Performance Optimization",7,"$145,000 - $175,000"
jd_0003,ML Engineer I,Apex Cloud Inc.,Junior,"Python, LLMs, RAG, Vector Databases, LangChain, Fine-tuning, API Integration, Git, MLflow, HuggingFace","Seldon, BentoML, Ray Serve",1,"$70,000 - $90,000"
jd_0004,Software Engineer I,Synapse AI Labs,Junior,"Kotlin, Java, Android SDK, REST APIs, Git, Unit Testing","DuckDB, Apache Arrow, gRPC streaming",2,"$66,000 - $86,000"
jd_0005,Entry-Level ML Developer,Quantum Dynamics,Junior,"Python, Time Series, Prophet, LSTM, Pandas, SQL","Model Monitoring, Grafana, Evidently, Prometheus",1,"$64,000 - $84,000"
jd_0006,Senior Backend Engineer,JupiterCloud,Senior,"Python, Flask, SQLAlchemy, PostgreSQL, Docker, Git, REST APIs, Pytest, Java","Redis Streams, Apache Avro, Schema Registry, ksqlDB",7,"$132,000 - $162,000"
jd_0007,Staff Software Engineer,Stellar Innovations,Lead,"Swift, iOS SDK, Xcode, REST APIs, Core Data, Git, Unit Testing, Agile, Java, Spark","Elixir, GenServer, LiveView, Phoenix, PubSub",8,"$165,000 - $205,000"
jd_0008,Associate Cloud Engineer,BetaOps Inc.,Junior,"GCP, Terraform, GKE, Docker, Linux, Python","Packer, Golden Images, AMI, CIS Benchmarks, Image Hardening",1,"$68,000 - $88,000"
jd_0009,Software Developer,PulseDev Corp,Mid,"Swift, iOS SDK, Xcode, REST APIs, Core Data, Git, Unit Testing, Agile, Scala","Observability, Vector DBs, ML basics, LLM APIs, Python",3,"$97,000 - $122,000"
jd_0010,Research Analyst,GigaStack Inc.,Mid,"Python, SQL, Statsmodels, Seaborn, Jupyter, Experiment Design, Pandas, Storytelling","Airflow, Data Quality, ETL",5,"$90,000 - $115,000"
jd_0011,Data Analyst (Scientist Track),EvolveCloud,Junior,"Python, SQL, Pandas, Time Series Analysis, Forecasting, Tableau, Statistics, Jupyter, Spark, BigQuery","Dashboard Automation, Redash, Metabase, Looker",2,"$66,000 - $86,000"
jd_0012,Senior Web Engineer,DeepSight Labs,Senior,"React, Python, Flask, PostgreSQL, Celery, Docker, Git, REST APIs","SWR, React Query, Zustand, State Management, Jotai",8,"$132,000 - $162,000"
jd_0013,Frontend + Backend Lead,GridAxis Solutions,Lead,"React, Golang, PostgreSQL, gRPC, Docker, Kubernetes, Git, REST APIs, CI/CD, Angular","tRPC, Swagger, Contract Testing, API Design, OpenAPI",10,"$160,000 - $200,000"
jd_0014,Head of Engineering,QuantumLeap Tech,Lead,"React, Next.js, TypeScript, PostgreSQL, GraphQL, Docker, Git, Tailwind CSS","Full-Text Search, Meilisearch, Elasticsearch, OpenSearch",9,"$170,000 - $210,000"
jd_0015,Backend Engineer,Pixel Craft Studio,Mid,"Go, gRPC, Distributed Systems, Kafka, Redis, PostgreSQL","A/B Testing, OpenAPI, Feature Flags",4,"$92,000 - $118,000"
jd_0016,Senior DevOps Engineer,DeepSight Labs,Senior,"GCP, BigQuery, Dataflow, Terraform, Python, Kubernetes, Docker","Load Balancing, Nginx, Traffic Management, Envoy",8,"$130,000 - $160,000"
jd_0017,Applied Data Scientist,Quantum Dynamics,Mid,"Python, SQL, Pandas, NumPy, Statistics, Tableau, Jupyter","Bayesian Modeling, Stan, Probabilistic Programming, MCMC, PyMC",4,"$93,000 - $119,000"
jd_0018,Staff ML Engineer,PeakSoft Labs,Senior,"Python, A/B Testing, Causal Inference, Statistics, SQL, Pandas","Scala, Delta Lake, Spark MLlib, Databricks",6,"$128,000 - $158,000"
jd_0019,Research Engineer,XcelCloud,Mid,"Python, NLP, spaCy, Transformers, BERT, MLflow, SQL","Delta Lake, Scala, Spark MLlib",4,"$88,000 - $112,000"
jd_0020,Principal Data Scientist,LightSpeed Dev,Senior,"R, Python, SQL, ggplot2, Shiny, Statistics, Data Cleaning, Storytelling, Recommendation Engine, Pandas","Stacking, LightGBM, GBM, Ensemble Methods",6,"$132,000 - $162,000"
jd_0021,Associate AI Engineer,MangoSoft,Junior,"Python, LLMs, RAG, Vector Databases, LangChain, Fine-tuning","Data Quality, Great Expectations, Tecton, Feast, dbt",1,"$62,000 - $82,000"
jd_0022,Applied ML Engineer,NeuralPath Inc.,Mid,"Python, Graph Neural Networks, PyTorch Geometric, NetworkX, Feature Engineering, SQL","TPU Programming, Distributed Training, XLA",3,"$88,000 - $112,000"
jd_0023,Data Analyst (Scientist Track),Synapse AI Labs,Junior,"Python, SQL, Pandas, NumPy, Statistics, Tableau, Jupyter, A/B Testing, Matplotlib","Docker, MLOps, API Integration",1,"$62,000 - $82,000"
jd_0024,Junior Software Engineer,EvolveCloud,Junior,"C++, Multithreading, System Programming, Linux, CMake, Git, Performance Optimization, REST APIs, Docker","Elixir, Phoenix, GenServer",1,"$68,000 - $88,000"
jd_0025,Entry-Level ML Developer,SkyBridge Tech,Junior,"Python, LLMs, RAG, Vector Databases, LangChain, Fine-tuning","Tecton, Feast, Great Expectations, dbt, Data Quality",1,"$68,000 - $88,000"
jd_0026,Applied Data Scientist,FusionTech Systems,Mid,"Python, SQL, Pandas, NumPy, Looker, Statistics, A/B Testing, Jupyter","Stacking, CatBoost, Ensemble Methods, LightGBM",3,"$95,000 - $120,000"
jd_0027,Lead Data Scientist,BluePeak Solutions,Lead,"Python, SQL, dbt, Looker, Statistics, A/B Testing, Pandas","Data Quality, Data Engineering, dbt",8,"$180,000 - $220,000"
jd_0028,Principal SRE,Meridian Analytics,Lead,"AWS, Ansible, Terraform, EC2, VPC, Linux, Python, CI/CD, Kubernetes","Rightsizing, Spot Instances, FinOps, Cloud Cost Management, Reserved Instances",8,"$165,000 - $205,000"
jd_0029,Senior Full Stack Developer,SkyBridge Tech,Senior,"React, Python, FastAPI, PostgreSQL, Redis, Docker, Git, REST APIs","OpenAPI, API Design, Swagger, tRPC",6,"$132,000 - $162,000"
jd_0030,Head of Data Science,KeystoneAI,Lead,"Python, SQL, Pandas, Time Series Analysis, Forecasting, Tableau, Statistics, Jupyter","Metabase, Redash, Dashboard Automation",9,"$175,000 - $215,000"
jd_0031,Senior Software Engineer,YottaData Inc.,Senior,"Swift, iOS SDK, Xcode, REST APIs, Core Data, Git, Unit Testing, Agile, Docker","Apache Avro, Schema Registry, Redis Streams",8,"$145,000 - $175,000"
jd_0032,Platform Engineer,VectorBase Inc.,Mid,"C#, .NET, Azure, SQL Server, REST APIs, Git, Unit Testing, Agile, Docker","Feature Flags, OpenAPI, A/B Testing, Azure, Contract Testing",4,"$93,000 - $119,000"
jd_0033,Associate SDE,HorizonTech,Junior,"Java, Microservices, Kafka, Spring Cloud, Redis, PostgreSQL, Docker, Kubernetes, REST APIs","React, Apache Pulsar, TypeScript, OpenTelemetry, Elasticsearch",1,"$64,000 - $84,000"
jd_0034,Research Analyst,HorizonTech,Mid,"Python, SQL, Pandas, Scikit-learn, Feature Engineering, Statistics, Jupyter, Tableau","Sentiment Analysis, BERT, spaCy, Entity Recognition",3,"$93,000 - $119,000"
jd_0035,Full Stack Developer I,TurboStack,Junior,"Vue.js, Laravel, PHP, MySQL, REST APIs, Docker","SVG, Canvas API, D3.js, Three.js",2,"$68,000 - $88,000"
jd_0036,Software Engineer I,OceanTech,Junior,"Python, FastAPI, PostgreSQL, Redis, Docker, Git, REST APIs, TDD","OpenTelemetry, Kotlin, gRPC",0,"$60,000 - $80,000"
jd_0037,Software Engineer,Velocity Software,Mid,"Python, C++, Algorithm Design, Data Structures, System Design, Linux, Git","LLM APIs, Observability, Python, ML basics",5,"$95,000 - $120,000"
jd_0038,Junior Data Scientist,LatticeWorks,Junior,"Python, SQL, dbt, Looker, Statistics, A/B Testing, Pandas, Data Pipelines, Git","Community Detection, Graph Analytics, NetworkX",2,"$66,000 - $86,000"
jd_0039,Senior ML Engineer,PeakSoft Labs,Senior,"Python, LLMs, RAG, Vector Databases, LangChain, Fine-tuning","Julia, Distributed Training, TPU Programming",7,"$132,000 - $162,000"
jd_0040,Research Engineer,SkyBridge Tech,Mid,"Python, Kubeflow, MLflow, Airflow, Feature Store, SQL, Spark, Docker, Pandas","SIMD, Memory Optimization, C++, Profiling",3,"$100,000 - $125,000"
jd_0041,Senior Research Scientist,Synapse AI Labs,Senior,"R, Python, SQL, ggplot2, Shiny, Statistics, Data Cleaning, Storytelling","Link Prediction, NetworkX, Community Detection",8,"$145,000 - $175,000"
jd_0042,Staff Engineer,HaloTech Systems,Senior,"Swift, iOS SDK, Xcode, REST APIs, Core Data, Git, Unit Testing, Agile, gRPC","ksqlDB, Schema Registry, Apache Avro",8,"$130,000 - $160,000"
jd_0043,Machine Learning Developer,PulseDev Corp,Mid,"Python, TensorFlow, Keras, Pandas, NumPy, MLOps, SQL, Cloud Platforms, PyTorch Geometric","Real-time Inference, ONNX Runtime, Edge Deployment, Go, Kafka",3,"$93,000 - $119,000"
jd_0044,Chief Data Scientist,FlowData Corp,Lead,"Python, SQL, Pandas, Time Series Analysis, Forecasting, Tableau, Statistics, Jupyter, Spark","LightGBM, CatBoost, GBM, Ensemble Methods, Stacking",10,"$180,000 - $220,000"
jd_0045,Senior SDE,BetaOps Inc.,Senior,"C++, Go, Microservices, Kubernetes, Docker, PostgreSQL, System Design, Agile","Elasticsearch, React, OpenTelemetry, TypeScript, Apache Pulsar",5,"$132,000 - $162,000"
jd_0046,Full Stack Developer I,PeakSoft Labs,Junior,"React, Node.js, TypeScript, DynamoDB, Lambda, AWS, Git","Infrastructure as Code, GitOps, AWS CDK, CI/CD",2,"$65,000 - $85,000"
jd_0047,Associate SDE,HexaData Corp,Junior,"Go, Kubernetes, gRPC, Prometheus, PostgreSQL, Linux, Git, CI/CD","OpenTelemetry, Ktor, Kotlin",2,"$70,000 - $90,000"
jd_0048,Senior ML Engineer,OmniData Systems,Senior,"Python, Multi-modal Models, Vision-Language, CLIP, PyTorch, Docker","Kubernetes, Seldon, BentoML, Model Registry",6,"$132,000 - $162,000"
jd_0049,DevOps Engineer,BrightMind AI,Mid,"Azure, Terraform, AKS, Docker, Linux, PowerShell, CI/CD, IaC, Argo CD, Helm","Admission Controllers, RBAC, OPA, Policy as Code",3,"$93,000 - $119,000"
jd_0050,Senior SRE,RiftData Labs,Senior,"AWS, Azure, Terraform, Kubernetes, Docker, Ansible","Admission Controllers, RBAC, OPA, Kyverno, Policy as Code",7,"$138,000 - $168,000"
jd_0051,Principal Research Scientist,LightSpeed Dev,Lead,"Python, SQL, Power BI, DAX, Excel, Statistics, Data Cleaning","Delta Lake, Databricks, Spark MLlib",9,"$155,000 - $195,000"
jd_0052,Senior DevOps Engineer,Stellar Innovations,Senior,"GCP, Terraform, GKE, Docker, Linux, Python","Dynatrace, OpenTelemetry, DataDog, New Relic, Distributed Tracing",7,"$140,000 - $170,000"
jd_0053,SDE II,FusionTech Systems,Mid,"Java, AWS, DynamoDB, Lambda, SQS, Git, REST APIs, Microservices","TypeScript, Apache Pulsar, OpenTelemetry, Elasticsearch, React",4,"$90,000 - $115,000"
jd_0054,Platform Engineer,OceanTech,Mid,"Java, Spring Boot, Hibernate, MySQL, Maven, Git, REST APIs, Microservices, Go","CQRS, DDD, Event Sourcing",4,"$97,000 - $122,000"
jd_0055,Senior Data Scientist,CoreLogic Labs,Senior,"Python, SQL, dbt, Looker, Statistics, A/B Testing, Pandas, Data Pipelines, SciPy","Graph Analytics, NetworkX, Link Prediction, Community Detection, Neo4j",7,"$140,000 - $170,000"
jd_0056,Product Engineer,Cascade Systems,Mid,"Vue.js, Laravel, PHP, MySQL, REST APIs, Docker","Contract Testing, tRPC, Swagger, OpenAPI",4,"$100,000 - $125,000"
jd_0057,Principal ML Engineer,IronForge Tech,Senior,"Python, PyTorch, Distributed Training, NCCL, GPU Optimization, CUDA, Linux, Git","CUDA, Model Quantization, Rust, C++, TensorRT",7,"$128,000 - $158,000"
jd_0058,Senior SDE,PeakSoft Labs,Senior,"Java, Scala, Apache Kafka, Spark, System Design, Git, REST APIs, JUnit, SQL","gRPC streaming, Go, WebSockets, DuckDB, Apache Arrow",7,"$128,000 - $158,000"
jd_0059,Senior Platform Engineer,Nexus Engineering,Senior,"AWS, Azure, Terraform, Kubernetes, Docker, Ansible, Linux","ArgoCD, GitOps, FluxCD, Canary Deployments, Progressive Delivery",7,"$132,000 - $162,000"
jd_0060,Principal SRE,CoreLogic Labs,Lead,"Multi-Cloud, AWS, Azure, Terraform, Kubernetes, Docker","Reserved Instances, Rightsizing, Spot Instances, Cloud Cost Management, FinOps",10,"$170,000 - $210,000"
jd_0061,Principal SDE,FlowData Corp,Lead,"Java, Python, Data Structures, Algorithms, System Design, REST APIs","Kotlin, Apache Flink, Event Sourcing, CQRS",10,"$170,000 - $210,000"
jd_0062,Associate Data Scientist,Nexus Engineering,Junior,"Python, SQL, Anomaly Detection, Time Series, Pandas, Scikit-learn, Statistics, Git","Airflow, ETL, Data Quality, dbt, Data Engineering",1,"$62,000 - $82,000"
jd_0063,Senior Research Engineer,VectorBase Inc.,Senior,"Python, A/B Testing, Causal Inference, Statistics, SQL, Pandas, Experimentation Platform, Git, Hyperparameter Tuning","Bayesian Inference, R, Probabilistic Programming, PyMC",6,"$132,000 - $162,000"
jd_0064,Associate AI Engineer,PulseDev Corp,Junior,"Python, SageMaker, AWS, MLOps, Scikit-learn, Pandas","Edge Deployment, Real-time Inference, ONNX Runtime, Go, Kafka",1,"$64,000 - $84,000"
jd_0065,Applied ML Engineer,FusionTech Systems,Mid,"Python, TensorFlow, Keras, Pandas, NumPy, MLOps, SQL, Cloud Platforms","Real-time Inference, Kafka, Go, ONNX Runtime, Edge Deployment",5,"$95,000 - $120,000"
jd_0066,Cloud Engineer,FlowData Corp,Mid,"Kubernetes, Argo CD, GitOps, Terraform, AWS, Docker, Linux","eBPF, Kernel Networking, Performance Tuning, Go",4,"$100,000 - $125,000"
jd_0067,SDE II,DeepSight Labs,Mid,"Node.js, TypeScript, GraphQL, MongoDB, Redis, Docker, Git","AWS, GraphQL, Terraform, Prometheus",3,"$92,000 - $118,000"
jd_0068,Senior Backend Engineer,DataNexus Corp,Senior,"Java, AWS, DynamoDB, Lambda, SQS, Git, REST APIs, Microservices","Protocol Buffers, gRPC, Ktor, OpenTelemetry",6,"$128,000 - $158,000"
jd_0069,Junior Cloud Engineer,Tandem Systems,Junior,"GCP, BigQuery, Dataflow, Terraform, Python, Kubernetes, Docker, Linux, AWS","Spot Instances, Reserved Instances, Rightsizing",0,"$66,000 - $86,000"
jd_0070,Cloud Engineer,Velocity Software,Mid,"Kubernetes, Cilium, Service Mesh, Istio, Terraform, AWS, Linux, Python","Load Balancing, Traffic Management, Envoy, Nginx",4,"$92,000 - $118,000"
jd_0071,Infrastructure Engineer,ZenithSoft,Mid,"Terraform, Pulumi, AWS, GCP, Kubernetes, Docker, Python, CI/CD, Fargate","OpenTelemetry, Distributed Tracing, New Relic, DataDog, Dynatrace",3,"$100,000 - $125,000"
jd_0072,Head of ML,Quantum Dynamics,Lead,"Python, Model Serving, TorchServe, ONNX, Triton, Kubernetes, Docker, REST APIs","Kubernetes, Seldon, BentoML, Model Registry",9,"$165,000 - $205,000"
jd_0073,Principal Data Scientist,FusionTech Systems,Senior,"Python, SQL, Pandas, Matplotlib, Seaborn, Statistics, Excel","PyMC, MCMC, Bayesian Modeling, Probabilistic Programming, Stan",6,"$128,000 - $158,000"
jd_0074,Senior Web Engineer,CoreLogic Labs,Senior,"React, Node.js, TypeScript, DynamoDB, Lambda, AWS, Git","State Management, Zustand, React Query, SWR",6,"$140,000 - $170,000"
jd_0075,SDE II,LightSpeed Dev,Mid,"Node.js, TypeScript, GraphQL, MongoDB, Redis, Docker, Git","CQRS, Kotlin, Apache Flink, Event Sourcing, DDD",4,"$88,000 - $112,000"
jd_0076,Senior Backend Engineer,GridAxis Solutions,Senior,"Go, gRPC, Distributed Systems, Kafka, Redis, PostgreSQL, Docker, Linux","Kotlin, Protocol Buffers, gRPC, OpenTelemetry, Ktor",7,"$132,000 - $162,000"
jd_0077,Senior ML Engineer,VectorBase Inc.,Senior,"Python, TensorFlow, PyTorch, Scikit-learn, MLOps, Feature Engineering","Evidently, Data Drift, Model Monitoring, Grafana, Prometheus",7,"$128,000 - $158,000"
jd_0078,Applied Data Scientist,IronForge Tech,Mid,"Python, SQL, Pandas, Monte Carlo Simulation, Statistics, Excel, Risk Modeling, Jupyter, Seaborn","Docker, Model Deployment, API Integration, MLOps",4,"$97,000 - $122,000"
jd_0079,Director of Analytics,Synapse AI Labs,Lead,"Python, SQL, Spark, BigQuery, Tableau, Statistics, A/B Testing, Business Intelligence, Statsmodels","GBM, LightGBM, Stacking, Ensemble Methods",9,"$165,000 - $205,000"
jd_0080,Senior Platform Engineer,NovaSky Technologies,Senior,"GCP, BigQuery, Dataflow, Terraform, Python, Kubernetes, Docker, Linux","OpenTelemetry, Dynatrace, New Relic",6,"$140,000 - $170,000"
jd_0081,Software Engineer I,Cascade Systems,Junior,"Go, gRPC, Distributed Systems, Kafka, Redis, PostgreSQL, Docker, Linux, Git","Protocol Buffers, gRPC, OpenTelemetry",2,"$66,000 - $86,000"
jd_0082,Junior Web Developer,OmniData Systems,Junior,"Vue 3, Nuxt, TypeScript, PostgreSQL, Pinia, Docker, Git","PWA, Web Workers, WebAssembly",2,"$70,000 - $90,000"
jd_0083,SDE II,JupiterCloud,Mid,"Node.js, TypeScript, GraphQL, MongoDB, Redis, Docker, Git","Azure, A/B Testing, Feature Flags, OpenAPI, Contract Testing",4,"$92,000 - $118,000"
jd_0084,Lead Analyst,SkyBridge Tech,Senior,"Python, R, SQL, Statistics, Machine Learning, Scikit-learn, Data Visualization, Hypothesis Testing, Pandas","Airflow, Data Quality, dbt, Data Engineering, ETL",8,"$140,000 - $170,000"
jd_0085,Software Engineer I,Apex Cloud Inc.,Junior,"Swift, iOS SDK, Xcode, REST APIs, Core Data, Git, Unit Testing, Agile, Celery","gRPC streaming, Apache Arrow, DuckDB, WebSockets, Go",2,"$66,000 - $86,000"
jd_0086,Senior SRE,BluePeak Solutions,Senior,"AWS, CDK, EKS, Docker, Linux, Python, CloudFormation","AMI, Packer, Image Hardening, Golden Images",7,"$140,000 - $170,000"
jd_0087,Junior Web Developer,ClearPath AI,Junior,"Angular, Spring Boot, Java, MySQL, REST APIs, Docker, Git, CI/CD, Next.js","Redis Pub/Sub, Kafka, WebSockets, Server-Sent Events, Real-time",1,"$60,000 - $80,000"
jd_0088,Staff Full Stack Engineer,InfiniteOps,Senior,"React, Django, Python, PostgreSQL, Celery, Redis, Docker, Git, Flask","Three.js, SVG, Data Visualization",6,"$130,000 - $160,000"
jd_0089,DevOps Engineer,CoreLogic Labs,Mid,"Azure, Terraform, AKS, Docker, Linux, PowerShell, CI/CD, IaC, Ansible","Policy as Code, Kyverno, OPA, Admission Controllers, RBAC",3,"$90,000 - $115,000"
jd_0090,Software Engineer (Full Stack),NeuralPath Inc.,Mid,"React, Django, Python, PostgreSQL, Celery, Redis","Playwright, Accessibility, Performance Optimization, Storybook, Cypress",3,"$88,000 - $112,000"
jd_0091,Senior Platform Engineer,DataNexus Corp,Senior,"AWS, Azure, Terraform, Kubernetes, Docker, Ansible, Linux, Security","Rust, Go, Performance Tuning, eBPF, Kernel Networking",6,"$135,000 - $165,000"
jd_0092,Associate Full Stack Engineer,Quantum Dynamics,Junior,"React, TypeScript, Remix, Prisma, PostgreSQL, Docker, Git, CSS Modules","Storybook, Cypress, Performance Optimization, Accessibility",0,"$66,000 - $86,000"
jd_0093,SDE II,IronForge Tech,Mid,"Java, Python, Data Structures, Algorithms, System Design, REST APIs, Git","Elixir, Phoenix, PubSub, GenServer",4,"$100,000 - $125,000"
jd_0094,Principal SDE,BluePeak Solutions,Lead,"Java, AWS, DynamoDB, Lambda, SQS, Git, REST APIs, Microservices, Unit Testing","Schema Registry, Redis Streams, Confluent, ksqlDB, Apache Avro",9,"$175,000 - $215,000"
jd_0095,Senior DevOps Engineer,DawnByte Inc.,Senior,"AWS, Lambda, Serverless, API Gateway, DynamoDB, Python","Consul, Service Discovery, Nomad, Vault, Secrets Management",6,"$128,000 - $158,000"
jd_0096,Site Reliability Engineer,Meridian Analytics,Mid,"AWS, ECS, Fargate, Terraform, Docker, Python","Load Balancing, Linkerd, Traffic Management, Envoy, Nginx",3,"$93,000 - $119,000"
jd_0097,Platform Engineer,WaveLogic Labs,Mid,"AWS, Lambda, Serverless, API Gateway, DynamoDB, Python, CI/CD, IaC, Terraform","Consul, Service Discovery, Secrets Management, Vault, Nomad",5,"$93,000 - $119,000"
jd_0098,AI Engineer,MangoSoft,Mid,"Python, Model Serving, TorchServe, ONNX, Triton, Kubernetes, Docker, REST APIs, Fine-tuning","Weaviate, Semantic Search, Pinecone, Milvus, LlamaIndex",3,"$92,000 - $118,000"
jd_0099,Tech Lead (Full Stack),LightSpeed Dev,Senior,"Vue.js, Express, JavaScript, MongoDB, REST APIs, Docker, Git","OpenSearch, Full-Text Search, Algolia",5,"$128,000 - $158,000"
jd_0100,Principal AI Engineer,ClearPath AI,Lead,"Python, Multi-modal Models, Vision-Language, CLIP, PyTorch, Docker, Git, REST APIs","Ray Serve, Model Registry, Seldon, Kubernetes, BentoML",8,"$175,000 - $215,000"
jd_0101,AI Engineer,DeepSight Labs,Mid,"Python, AutoML, NAS, Hyperparameter Tuning, MLflow, Scikit-learn, SQL, Docker, MLOps","Scala, Databricks, Delta Lake, Spark MLlib, Feature Platform",4,"$97,000 - $122,000"
jd_0102,Staff Cloud Engineer,PulseDev Corp,Senior,"AWS, Security Hub, IAM, KMS, Terraform, Kubernetes","Secrets Management, Vault, Consul, Nomad, Service Discovery",6,"$140,000 - $170,000"
jd_0103,Associate Full Stack Engineer,UpStream Tech,Junior,"React, Node.js, TypeScript, PostgreSQL, REST APIs, Docker, Git, CSS","OpenAPI, API Design, Swagger",2,"$62,000 - $82,000"
jd_0104,Senior Software Engineer,IronForge Tech,Senior,"Go, Kubernetes, gRPC, Prometheus, PostgreSQL, Linux, Git, CI/CD, System Programming","Rust, Chaos Engineering, eBPF",8,"$140,000 - $170,000"
jd_0105,Tech Lead (Full Stack),LightSpeed Dev,Senior,"Vue.js, Laravel, PHP, MySQL, REST APIs, Docker, Git","PWA, Web Workers, WebAssembly",8,"$140,000 - $170,000"
jd_0106,Analytics Scientist,Cascade Systems,Mid,"Python, SQL, Pandas, NumPy, Looker, Statistics, A/B Testing","NetworkX, Community Detection, Link Prediction, Graph Analytics, Neo4j",3,"$92,000 - $118,000"
jd_0107,Senior Data Scientist,BrightMind AI,Senior,"Python, SQL, Pandas, Time Series Analysis, Forecasting, Tableau, Statistics, Jupyter","Bayesian Modeling, PyMC, MCMC, Probabilistic Programming, Stan",7,"$130,000 - $160,000"
jd_0108,Principal ML Engineer,QuantumLeap Tech,Senior,"Python, PyTorch, Diffusion Models, Generative AI, LLM Fine-tuning, Hugging Face","Kafka, ONNX Runtime, Edge Deployment, Real-time Inference",8,"$145,000 - $175,000"
jd_0109,Research Engineer,GigaStack Inc.,Mid,"Python, Model Serving, TorchServe, ONNX, Triton, Kubernetes, Docker, REST APIs, SQL, Pandas","SIMD, Latency Reduction, Memory Optimization, C++, Profiling",4,"$90,000 - $115,000"
jd_0110,Staff Engineer,XcelCloud,Senior,"C++, Multithreading, System Programming, Linux, CMake, Git, Performance Optimization, REST APIs, Kafka","Elasticsearch, OpenTelemetry, TypeScript",6,"$138,000 - $168,000"
jd_0111,Staff Full Stack Engineer,HaloTech Systems,Senior,"React, Next.js, TypeScript, PostgreSQL, GraphQL, Docker, Git, Tailwind CSS","Storybook, Cypress, Accessibility",7,"$130,000 - $160,000"
jd_0112,Cloud Engineer I,SkyBridge Tech,Junior,"AWS, Lambda, Serverless, API Gateway, DynamoDB, Python","Load Balancing, Traffic Management, Envoy",1,"$66,000 - $86,000"
jd_0113,Analytics Scientist,KeystoneAI,Mid,"Python, SQL, Anomaly Detection, Time Series, Pandas, Scikit-learn","Metabase, Tableau Server, Redash, Looker",4,"$95,000 - $120,000"
jd_0114,Tech Lead (Full Stack),RiftData Labs,Senior,"Vue.js, Express, JavaScript, MongoDB, REST APIs, Docker, Git, HTML/CSS","React Query, Jotai, SWR",7,"$138,000 - $168,000"
jd_0115,Senior Cloud Engineer,JupiterCloud,Senior,"AWS, CDK, EKS, Docker, Linux, Python, CloudFormation, CI/CD","Go, Performance Tuning, eBPF",6,"$132,000 - $162,000"
jd_0116,Staff Cloud Engineer,HexaData Corp,Senior,"GCP, BigQuery, Dataflow, Terraform, Python, Kubernetes, Docker","AMI, Image Hardening, Golden Images, Packer, CIS Benchmarks",8,"$140,000 - $170,000"
jd_0117,Staff Engineer,HaloTech Systems,Senior,"JavaScript, Node.js, TypeScript, PostgreSQL, REST APIs, Docker, Git","Python, LLM APIs, Observability, ML basics",7,"$130,000 - $160,000"
jd_0118,Infrastructure Engineer,Vanguard Systems,Mid,"Azure, Terraform, Azure Functions, Event Grid, Service Bus, Python, Docker, Linux","Service Discovery, Secrets Management, Vault",4,"$95,000 - $120,000"
jd_0119,DevOps Engineer,Stellar Innovations,Mid,"AWS, CDK, EKS, Docker, Linux, Python, CloudFormation, CI/CD","Rust, Go, eBPF",4,"$92,000 - $118,000"
jd_0120,Cloud Engineer I,XcelCloud,Junior,"AWS, Azure, Terraform, Kubernetes, Docker, Ansible, Linux, Security, Service Bus, Event Grid","Linkerd, Traffic Management, Nginx, Load Balancing",0,"$68,000 - $88,000"
jd_0121,Staff Full Stack Engineer,SolidOps,Senior,"Next.js, TypeScript, Prisma, PostgreSQL, Tailwind CSS, Vercel, Git","WebAssembly, Micro Frontends, Web Workers, PWA, GraphQL Federation",7,"$128,000 - $158,000"
jd_0122,Backend Engineer,JetStream Analytics,Mid,"JavaScript, Node.js, TypeScript, PostgreSQL, REST APIs, Docker","Feature Flags, OpenAPI, Azure",4,"$97,000 - $122,000"
jd_0123,Data Scientist,FusionTech Systems,Mid,"Python, SQL, Spark, BigQuery, Tableau, Statistics, A/B Testing","Graph Analytics, Community Detection, Neo4j, NetworkX, Link Prediction",3,"$88,000 - $112,000"
jd_0124,Lead Analyst,CoreLogic Labs,Senior,"Python, SQL, Causal Inference, Bayesian Statistics, Pandas, Scikit-learn","Plotly Dash, R Shiny, Streamlit, Bokeh",6,"$132,000 - $162,000"
jd_0125,Junior Cloud Engineer,SkyBridge Tech,Junior,"Kubernetes, Helm, Terraform, AWS, Docker, Linux, Python, Monitoring, Prometheus","Nomad, Vault, Consul, Secrets Management",1,"$68,000 - $88,000"
jd_0126,Lead Analyst,MeshCloud Inc.,Senior,"Python, SQL, Recommendation Engine, Collaborative Filtering, Pandas, Statistics, Jupyter, Tableau","Stan, PyMC, Probabilistic Programming, MCMC, Bayesian Modeling",7,"$145,000 - $175,000"
jd_0127,Senior Data Scientist,PeakSoft Labs,Senior,"Python, SQL, Recommendation Engine, Collaborative Filtering, Pandas, Statistics, Jupyter, Tableau, Excel","API Integration, MLOps, Kubernetes, Model Deployment, Docker",6,"$140,000 - $170,000"
jd_0128,Senior Platform Engineer,TurboStack,Senior,"AWS, Lambda, Serverless, API Gateway, DynamoDB, Python, CI/CD, IaC, Ansible, Azure","Service Discovery, Consul, Nomad, Vault, Secrets Management",6,"$145,000 - $175,000"
jd_0129,Senior SDE,DawnByte Inc.,Senior,"Python, FastAPI, PostgreSQL, Redis, Docker, Git, REST APIs, TDD, Java, SQL","Elasticsearch, React, TypeScript, OpenTelemetry",6,"$135,000 - $165,000"
jd_0130,Quantitative Analyst,RapidScale Inc.,Mid,"Python, SQL, Databricks, Spark, Delta Lake, Statistics, Pandas, Tableau, BigQuery","Looker, Tableau Server, Metabase, Redash",4,"$92,000 - $118,000"
jd_0131,Senior AI Engineer,Meridian Analytics,Senior,"Python, Graph Neural Networks, PyTorch Geometric, NetworkX, Feature Engineering, SQL, Docker, Git, CUDA, Distributed Training","Model Monitoring, Evidently, Data Drift",8,"$130,000 - $160,000"
jd_0132,Associate Data Scientist,ClearPath AI,Junior,"Python, SQL, Pandas, NumPy, Looker, Statistics, A/B Testing, Jupyter, ggplot2, R","Plotly Dash, Bokeh, Streamlit, R Shiny, Interactive Dashboards",1,"$65,000 - $85,000"
jd_0133,Staff ML Engineer,KernelOps,Senior,"Python, Reinforcement Learning, PyTorch, OpenAI Gym, Distributed Training, Linux, Git, MLOps","Pinecone, Milvus, LlamaIndex, Semantic Search, Weaviate",6,"$140,000 - $170,000"
jd_0134,Head of Engineering,AlphaStack Corp,Lead,"React, Next.js, TypeScript, PostgreSQL, GraphQL, Docker, Git","GraphQL Federation, PWA, WebAssembly",10,"$160,000 - $200,000"
jd_0135,Junior Full Stack Developer,ClearPath AI,Junior,"Vue.js, Express, JavaScript, MongoDB, REST APIs, Docker, Git, HTML/CSS, Lambda","Contract Testing, tRPC, API Design",1,"$62,000 - $82,000"
jd_0136,Product Engineer,NeuralPath Inc.,Mid,"React, Ruby on Rails, PostgreSQL, Redis, Sidekiq, Docker, Git, REST APIs, FastAPI","Datadog, OpenTelemetry, Monitoring, Logging, Sentry",3,"$88,000 - $112,000"
jd_0137,Entry-Level Data Scientist,Stellar Innovations,Junior,"Python, SQL, Pandas, Classification, Clustering, Scikit-learn, Statistics, Power BI, Risk Modeling","Bayesian Modeling, MCMC, Stan, Probabilistic Programming",0,"$68,000 - $88,000"
jd_0138,Analytics Scientist,BetaOps Inc.,Mid,"Python, SQL, Pandas, Matplotlib, Seaborn, Statistics, Excel","Delta Lake, Databricks, Spark MLlib, Feature Store, MLflow",3,"$95,000 - $120,000"
jd_0139,Associate SDE,MangoSoft,Junior,"Java, Python, Data Structures, Algorithms, System Design, REST APIs, Git","Kotlin, Ktor, OpenTelemetry, Protocol Buffers",2,"$64,000 - $84,000"
jd_0140,Senior Platform Engineer,QuantumLeap Tech,Senior,"Azure, Terraform, Azure Functions, Event Grid, Service Bus, Python, Docker","Nginx, Load Balancing, Envoy, Linkerd",7,"$130,000 - $160,000"
jd_0141,Senior Data Scientist,ClearPath AI,Senior,"Python, SQL, Pandas, Time Series Analysis, Forecasting, Tableau, Statistics","Interactive Dashboards, Bokeh, Plotly Dash, R Shiny",6,"$130,000 - $160,000"
jd_0142,Research Analyst,ClearPath AI,Mid,"Python, SQL, Pandas, NumPy, Looker, Statistics, A/B Testing, Jupyter, Git","Community Detection, Link Prediction, NetworkX",5,"$90,000 - $115,000"
jd_0143,Senior SRE,RiftData Labs,Senior,"AWS, ECS, Fargate, Terraform, Docker, Python, CI/CD, Networking","Linkerd, Traffic Management, Load Balancing",7,"$140,000 - $170,000"
jd_0144,DevOps Engineer,HorizonTech,Mid,"AWS, CDK, EKS, Docker, Linux, Python, CloudFormation, CI/CD, Terraform","Kyverno, Policy as Code, Admission Controllers, OPA, RBAC",5,"$97,000 - $122,000"
jd_0145,Junior Data Scientist,Quantum Dynamics,Junior,"Python, SQL, Spark, BigQuery, Tableau, Statistics, A/B Testing","Feature Store, Delta Lake, MLflow",0,"$64,000 - $84,000"
jd_0146,Principal Full Stack Engineer,Quantum Dynamics,Lead,"React, Golang, PostgreSQL, gRPC, Docker, Kubernetes, Git","Sentry, Logging, Monitoring, Datadog",9,"$160,000 - $200,000"
jd_0147,Senior AI Engineer,NeuralPath Inc.,Senior,"Python, Recommendation Systems, Collaborative Filtering, Spark, SQL, MLOps, Docker, Redis, Statistics, Causal Inference","Memory Optimization, Profiling, Latency Reduction, SIMD",6,"$138,000 - $168,000"
jd_0148,Tech Lead (Full Stack),LightSpeed Dev,Senior,"Vue.js, Laravel, PHP, MySQL, REST APIs, Docker, Git, CI/CD, React","Performance Optimization, Cypress, Playwright, Accessibility, Storybook",8,"$140,000 - $170,000"
jd_0149,Senior Research Scientist,QuantumLeap Tech,Senior,"Python, SQL, Databricks, Spark, Delta Lake, Statistics","Community Detection, Neo4j, NetworkX, Graph Analytics, Link Prediction",5,"$135,000 - $165,000"
jd_0150,Frontend + Backend Lead,Tandem Systems,Lead,"React, Node.js, GraphQL, MongoDB, Redis, AWS, Docker, Git","Storybook, Performance Optimization, Cypress, Playwright",9,"$175,000 - $215,000"
jd_0151,Backend Engineer,MangoSoft,Mid,"Python, C++, Algorithm Design, Data Structures, System Design, Linux, Git","Kotlin, DDD, Event Sourcing, CQRS",4,"$97,000 - $122,000"
jd_0152,Applied Data Scientist,PulseDev Corp,Mid,"Python, SQL, SciPy, Pandas, Matplotlib, Regression Analysis, Statistics, Excel","Probabilistic Programming, MCMC, PyMC",4,"$97,000 - $122,000"
jd_0153,Software Developer,UltraML Corp,Mid,"C++, Go, Microservices, Kubernetes, Docker, PostgreSQL, System Design, Agile, Node.js","eBPF, Chaos Engineering, gRPC, Service Mesh, Rust",5,"$100,000 - $125,000"
jd_0154,Software Engineer (Full Stack),Stratus Systems,Mid,"Vue.js, Laravel, PHP, MySQL, REST APIs, Docker, Git, CI/CD","OpenAPI, Contract Testing, tRPC, API Design",3,"$100,000 - $125,000"
jd_0155,Senior Full Stack Engineer,HorizonTech,Senior,"React, Node.js, TypeScript, PostgreSQL, REST APIs, Docker, Git, CSS, Celery","Contract Testing, OpenAPI, API Design, tRPC",7,"$132,000 - $162,000"
jd_0156,Principal Engineer,FusionTech Systems,Senior,"Python, C++, Algorithm Design, Data Structures, System Design, Linux, Git, Code Review, Jest","Redis Streams, Schema Registry, Confluent",6,"$140,000 - $170,000"
jd_0157,Lead Analyst,JetStream Analytics,Senior,"Python, SQL, Spark, BigQuery, Tableau, Statistics, A/B Testing","Plotly Dash, Bokeh, Streamlit, Interactive Dashboards, R Shiny",8,"$128,000 - $158,000"
jd_0158,Lead Software Engineer,XcelCloud,Lead,"Rust, Systems Programming, WebAssembly, Linux, Git, Performance Optimization, REST APIs, Docker, Kafka","gRPC streaming, DuckDB, Go, WebSockets, Apache Arrow",8,"$168,000 - $208,000"
jd_0159,Principal Engineer,RiftData Labs,Senior,"Kotlin, Java, Android SDK, REST APIs, Git, Unit Testing, Agile, CI/CD","Apache Arrow, Go, WebSockets, gRPC streaming, DuckDB",7,"$130,000 - $160,000"
jd_0160,Site Reliability Engineer,JetStream Analytics,Mid,"AWS, CDK, EKS, Docker, Linux, Python, CloudFormation, CI/CD","Secrets Management, Vault, Service Discovery",3,"$92,000 - $118,000"
jd_0161,Full Stack Tech Lead,PulseDev Corp,Lead,"React, Node.js, Socket.io, MongoDB, Redis, Docker, Git","Three.js, Canvas API, Data Visualization, D3.js, SVG",10,"$168,000 - $208,000"
jd_0162,Software Developer,DeepSight Labs,Mid,"Python, FastAPI, PostgreSQL, Redis, Docker, Git, REST APIs","Apache Avro, Confluent, ksqlDB, Schema Registry, Redis Streams",3,"$97,000 - $122,000"
jd_0163,Platform Engineer,LightSpeed Dev,Mid,"Python, Django, Celery, Redis, PostgreSQL, Docker, REST APIs","eBPF, Rust, gRPC, Chaos Engineering, Service Mesh",3,"$92,000 - $118,000"
jd_0164,Staff Cloud Engineer,RapidScale Inc.,Senior,"Kubernetes, Helm, Terraform, AWS, Docker, Linux, Python, Monitoring","SLIs, Error Budgets, Chaos Engineering",7,"$140,000 - $170,000"
jd_0165,Associate Data Scientist,HexaData Corp,Junior,"Python, SQL, Pandas, Time Series Analysis, Forecasting, Tableau, Statistics, Jupyter","Dashboard Automation, Redash, Metabase",0,"$64,000 - $84,000"
jd_0166,Staff ML Engineer,IronForge Tech,Senior,"Python, Model Serving, TorchServe, ONNX, Triton, Kubernetes, Docker, REST APIs, CNNs, Computer Vision","TPU Programming, JAX, XLA, Distributed Training",8,"$132,000 - $162,000"
jd_0167,Machine Learning Developer,CoreLogic Labs,Mid,"Python, A/B Testing, Causal Inference, Statistics, SQL, Pandas","Stan, PyMC, R",4,"$90,000 - $115,000"
jd_0168,Data Analyst (Scientist Track),WaveLogic Labs,Junior,"Python, SQL, Pandas, Monte Carlo Simulation, Statistics, Excel, Risk Modeling, Jupyter","Computer Vision, TensorFlow, Neural Networks, PyTorch, Deep Learning",2,"$66,000 - $86,000"
jd_0169,Entry-Level ML Developer,HorizonTech,Junior,"Python, AutoML, NAS, Hyperparameter Tuning, MLflow, Scikit-learn, SQL, Docker, Airflow","JAX, Julia, XLA, Distributed Training, TPU Programming",2,"$66,000 - $86,000"
jd_0170,ML Engineer,OceanTech,Mid,"Python, Graph Neural Networks, PyTorch Geometric, NetworkX, Feature Engineering, SQL, Docker, Git, MLOps, Speech Recognition","Grafana, Data Drift, Model Monitoring",3,"$100,000 - $125,000"
jd_0171,Research Analyst,AlphaStack Corp,Mid,"Python, SQL, Statsmodels, Seaborn, Jupyter, Experiment Design, Pandas, Storytelling","Ensemble Methods, Stacking, CatBoost",3,"$88,000 - $112,000"
jd_0172,Senior Software Engineer,DeepSight Labs,Senior,"C++, Multithreading, System Programming, Linux, CMake, Git, Performance Optimization, REST APIs","AWS, Terraform, GraphQL, Prometheus",6,"$132,000 - $162,000"
jd_0173,Site Reliability Engineer,DataNexus Corp,Mid,"GCP, Terraform, GKE, Docker, Linux, Python, Networking, Security, BigQuery","AMI, CIS Benchmarks, Image Hardening",3,"$90,000 - $115,000"
jd_0174,Senior Software Engineer,RiftData Labs,Senior,"Java, Python, Data Structures, Algorithms, System Design, REST APIs, Git","GraphQL, Terraform, Grafana",6,"$130,000 - $160,000"
jd_0175,Lead Analyst,Velocity Software,Senior,"Python, SQL, Pandas, NumPy, Statistics, Tableau, Jupyter, A/B Testing, Storytelling","Community Detection, NetworkX, Graph Analytics, Link Prediction",7,"$138,000 - $168,000"
jd_0176,AI Platform Lead,Quantum Dynamics,Lead,"Python, Speech Recognition, Whisper, PyTorch, Audio Processing, MLOps, Docker","Data Drift, Grafana, Evidently, Prometheus",10,"$165,000 - $205,000"
jd_0177,Backend Engineer,MeshCloud Inc.,Mid,"Java, Python, Data Structures, Algorithms, System Design, REST APIs, Git, CI/CD, Kubernetes, Agile","Service Mesh, eBPF, gRPC, Chaos Engineering",3,"$95,000 - $120,000"
jd_0178,Associate AI Engineer,Apex Cloud Inc.,Junior,"Python, PyTorch, Computer Vision, OpenCV, CNNs, MLOps, Docker, REST APIs, MLflow","Model Monitoring, Prometheus, Grafana",2,"$60,000 - $80,000"
jd_0179,Senior Full Stack Developer,KeystoneAI,Senior,"React, Node.js, GraphQL, MongoDB, Redis, AWS, Docker","AWS CDK, GitOps, Infrastructure as Code, Terraform, CI/CD",8,"$132,000 - $162,000"
jd_0180,Head of Platform Engineering,KernelOps,Lead,"AWS, ECS, Fargate, Terraform, Docker, Python, CI/CD, Networking","Vault, Secrets Management, Nomad",10,"$160,000 - $200,000"
jd_0181,Software Engineer (Full Stack),Apex Cloud Inc.,Mid,"React, Python, Flask, PostgreSQL, Celery, Docker","SWR, React Query, Zustand, State Management, Jotai",3,"$95,000 - $120,000"
jd_0182,Full Stack Engineer,EdgeCloud Tech,Mid,"React, Django, Python, PostgreSQL, Celery, Redis, Docker, Git","OpenAPI, tRPC, Swagger",3,"$97,000 - $122,000"
jd_0183,Applied Data Scientist,PulseDev Corp,Mid,"Python, SQL, Power BI, DAX, Excel, Statistics, Data Cleaning, Pandas","Interactive Dashboards, Streamlit, Plotly Dash, Bokeh, R Shiny",5,"$93,000 - $119,000"
jd_0184,Backend Engineer,KeystoneAI,Mid,"Python, C++, Algorithm Design, Data Structures, System Design, Linux, Git, Code Review, Unit Testing, Kotlin","Apache Arrow, DuckDB, Go",4,"$97,000 - $122,000"
jd_0185,Cloud Engineer,RiftData Labs,Mid,"AWS, Prometheus, Grafana, ELK Stack, Terraform, Kubernetes, Docker","Dynatrace, OpenTelemetry, Distributed Tracing",4,"$90,000 - $115,000"
jd_0186,Cloud Engineer,Luminary Data Co.,Mid,"AWS, Terraform, Kubernetes, Docker, Linux, Python, CI/CD, Networking","New Relic, Distributed Tracing, Dynatrace, DataDog, OpenTelemetry",4,"$93,000 - $119,000"
jd_0187,Associate Full Stack Engineer,DawnByte Inc.,Junior,"Vue 3, Nuxt, TypeScript, PostgreSQL, Pinia, Docker, Git, REST APIs, Tailwind CSS","Auth0, Payment Integration, Clerk",1,"$60,000 - $80,000"
jd_0188,Senior Research Scientist,MangoSoft,Senior,"Python, SQL, SciPy, Pandas, Matplotlib, Regression Analysis, Statistics, Excel","dbt, Data Quality, ETL, Airflow, Data Engineering",8,"$130,000 - $160,000"
jd_0189,Principal Cloud Engineer,IronForge Tech,Lead,"Kubernetes, Helm, Terraform, AWS, Docker, Linux","Service Discovery, Nomad, Consul",8,"$165,000 - $205,000"
jd_0190,Senior Web Engineer,WaveLogic Labs,Senior,"React, Node.js, Socket.io, MongoDB, Redis, Docker","Infrastructure as Code, GitOps, CI/CD",7,"$140,000 - $170,000"
jd_0191,Associate Data Scientist,PeakSoft Labs,Junior,"Python, SQL, Pandas, Classification, Clustering, Scikit-learn, Statistics, Power BI","Stacking, CatBoost, Ensemble Methods, GBM, LightGBM",2,"$66,000 - $86,000"
jd_0192,SDE II,BluePeak Solutions,Mid,"JavaScript, Node.js, TypeScript, PostgreSQL, REST APIs, Docker, Git, Jest, Hibernate","Terraform, Grafana, AWS, Prometheus",4,"$97,000 - $122,000"
jd_0193,Data Scientist,UpStream Tech,Mid,"Python, SQL, Natural Language Processing, Text Mining, Pandas, Statistics, Jupyter, Git, Classification","Databricks, Spark MLlib, Feature Store, MLflow, Delta Lake",5,"$92,000 - $118,000"
jd_0194,Cloud Engineer I,HorizonTech,Junior,"GCP, Terraform, GKE, Docker, Linux, Python, Networking","Consul, Nomad, Secrets Management, Service Discovery, Vault",1,"$60,000 - $80,000"
jd_0195,Software Engineer (Full Stack),TurboStack,Mid,"React, Node.js, TypeScript, PostgreSQL, REST APIs, Docker, Git, CSS","Storybook, Playwright, Cypress, Accessibility",4,"$92,000 - $118,000"
jd_0196,Junior Cloud Engineer,PeakSoft Labs,Junior,"Azure, Terraform, Azure Functions, Event Grid, Service Bus, Python, Docker, Linux","Kyverno, OPA, Admission Controllers",1,"$62,000 - $82,000"
jd_0197,Senior ML Engineer,MangoSoft,Senior,"Python, Reinforcement Learning, PyTorch, OpenAI Gym, Distributed Training, Linux, Git, MLOps, Whisper","Edge Deployment, Real-time Inference, Go, Kafka",8,"$130,000 - $160,000"
jd_0198,Full Stack Developer,LatticeWorks,Mid,"React, Python, Flask, PostgreSQL, Celery, Docker","Infrastructure as Code, GitOps, Terraform",3,"$100,000 - $125,000"
jd_0199,Staff Cloud Engineer,JupiterCloud,Senior,"AWS, Security Hub, IAM, KMS, Terraform, Kubernetes, Linux, Compliance, CI/CD","Packer, Image Hardening, Golden Images, CIS Benchmarks, AMI",5,"$132,000 - $162,000"
jd_0200,Backend Engineer,Stratus Systems,Mid,"Python, Flask, SQLAlchemy, PostgreSQL, Docker, Git, REST APIs, Pytest","gRPC streaming, Apache Arrow, WebSockets, Go",4,"$100,000 - $125,000"
jd_0201,Senior SRE,Meridian Analytics,Senior,"GCP, Anthos, Terraform, Istio, Kubernetes, Docker, Linux","Kyverno, RBAC, Admission Controllers",6,"$130,000 - $160,000"
jd_0202,Software Engineer,FlowData Corp,Mid,"Swift, iOS SDK, Xcode, REST APIs, Core Data, Git, Unit Testing, Agile, CI/CD","OpenAPI, Azure, A/B Testing, Contract Testing",4,"$93,000 - $119,000"
jd_0203,Senior Full Stack Engineer,SolidOps,Senior,"React, Node.js, GraphQL, MongoDB, Redis, AWS, Docker, Git","Storybook, Performance Optimization, Cypress, Playwright, Accessibility",7,"$128,000 - $158,000"
jd_0204,Platform Engineer,Quantum Dynamics,Mid,"AWS, Cost Optimization, FinOps, Terraform, EC2, RDS, Lambda, Python, CI/CD","Service Discovery, Secrets Management, Consul",5,"$93,000 - $119,000"
jd_0205,Associate Cloud Engineer,IronForge Tech,Junior,"Azure, Terraform, Azure Functions, Event Grid, Service Bus, Python","Crossplane, CRDs, Kubernetes API, Custom Controllers, Operator Pattern",1,"$65,000 - $85,000"
jd_0206,Data Scientist,XcelCloud,Mid,"Python, SQL, Pandas, Matplotlib, Seaborn, Statistics","ETL, Airflow, dbt",4,"$97,000 - $122,000"
jd_0207,Web Application Developer,Nexus Engineering,Mid,"Angular, Spring Boot, Java, MySQL, REST APIs, Docker","State Management, Zustand, React Query, Jotai",4,"$90,000 - $115,000"
jd_0208,Senior ML Engineer,ClearPath AI,Senior,"Python, PyTorch, Computer Vision, OpenCV, CNNs, MLOps, Docker, REST APIs, Scikit-learn","SIMD, Memory Optimization, Latency Reduction, Profiling, C++",7,"$135,000 - $165,000"
jd_0209,Senior ML Engineer,JetStream Analytics,Senior,"Python, Speech Recognition, Whisper, PyTorch, Audio Processing, MLOps, Docker, Git, CLIP","TensorRT, CUDA, C++, Rust, Model Quantization",6,"$132,000 - $162,000"
jd_0210,Chief Data Scientist,ZenithSoft,Lead,"Python, SQL, Pandas, Scikit-learn, Feature Engineering, Statistics, Jupyter","Bokeh, Streamlit, Interactive Dashboards, R Shiny",10,"$165,000 - $205,000"
jd_0211,AI Engineer,EdgeCloud Tech,Mid,"Python, TensorFlow, PyTorch, Scikit-learn, MLOps, Feature Engineering, SQL, Docker, Redis","Ray Serve, Seldon, Kubernetes, Model Registry, BentoML",3,"$93,000 - $119,000"
jd_0212,Infrastructure Engineer,Velocity Software,Mid,"Multi-Cloud, AWS, Azure, Terraform, Kubernetes, Docker, Linux","Golden Images, Image Hardening, CIS Benchmarks",4,"$97,000 - $122,000"
jd_0213,Senior Full Stack Engineer,OceanTech,Senior,"React, Node.js, TypeScript, DynamoDB, Lambda, AWS","AWS CDK, Infrastructure as Code, CI/CD, GitOps",5,"$132,000 - $162,000"
jd_0214,Research Engineer,HexaData Corp,Mid,"Python, Graph Neural Networks, PyTorch Geometric, NetworkX, Feature Engineering, SQL, Docker","TensorRT, Rust, Model Quantization, CUDA",4,"$100,000 - $125,000"
jd_0215,Platform Engineer,EdgeCloud Tech,Mid,"AWS, ECS, Fargate, Terraform, Docker, Python, CI/CD, Networking, Kubernetes","Kyverno, Policy as Code, Admission Controllers, OPA",3,"$92,000 - $118,000"
jd_0216,Platform Engineer,ClearPath AI,Mid,"AWS, Cost Optimization, FinOps, Terraform, EC2, RDS","Secrets Management, Nomad, Vault, Consul",3,"$95,000 - $120,000"
jd_0217,Staff ML Engineer,GridAxis Solutions,Senior,"Python, Speech Recognition, Whisper, PyTorch, Audio Processing, MLOps, Docker, Git","Edge Deployment, Go, ONNX Runtime, Real-time Inference",6,"$128,000 - $158,000"
jd_0218,Senior Platform Engineer,GigaStack Inc.,Senior,"Kubernetes, Cilium, Service Mesh, Istio, Terraform, AWS, Linux, Python","Kernel Networking, Performance Tuning, eBPF",7,"$128,000 - $158,000"
jd_0219,Full Stack Developer I,GridAxis Solutions,Junior,"Next.js, React, TypeScript, Supabase, PostgreSQL, Docker, Git, Tailwind CSS","CI/CD, Infrastructure as Code, GitOps",1,"$62,000 - $82,000"
jd_0220,Junior Software Engineer,Meridian Analytics,Junior,"Go, Kubernetes, gRPC, Prometheus, PostgreSQL, Linux","Ktor, gRPC, Kotlin",1,"$66,000 - $86,000"
jd_0221,Entry-Level ML Developer,CoreLogic Labs,Junior,"Python, AutoML, NAS, Hyperparameter Tuning, MLflow, Scikit-learn, SQL, Docker, NCCL, Linux","Kubernetes, Ray Serve, BentoML, Seldon, Model Registry",2,"$70,000 - $90,000"
jd_0222,Principal Data Scientist,Synapse AI Labs,Senior,"Python, R, SQL, Statistics, Machine Learning, Scikit-learn","Plotly Dash, Bokeh, Interactive Dashboards, Streamlit",8,"$128,000 - $158,000"
jd_0223,Product Engineer,MeshCloud Inc.,Mid,"React, Ruby on Rails, PostgreSQL, Redis, Sidekiq, Docker, Git, REST APIs","GitOps, AWS CDK, Terraform",4,"$92,000 - $118,000"
jd_0224,Entry-Level Data Scientist,Pixel Craft Studio,Junior,"Python, SQL, Pandas, Scikit-learn, Feature Engineering, Statistics, Jupyter, Tableau, Storytelling","PyMC, Stan, MCMC, Probabilistic Programming",1,"$70,000 - $90,000"
jd_0225,Staff ML Engineer,JupiterCloud,Senior,"Python, PyTorch, Transformers, HuggingFace, MLflow, Kubernetes, Feature Engineering, Git, Redis","R, Probabilistic Programming, Stan, PyMC, Bayesian Inference",7,"$140,000 - $170,000"
jd_0226,Entry-Level Data Scientist,XcelCloud,Junior,"Python, SQL, Anomaly Detection, Time Series, Pandas, Scikit-learn","Bokeh, Streamlit, Interactive Dashboards, Plotly Dash",2,"$66,000 - $86,000"
jd_0227,Principal ML Engineer,WaveLogic Labs,Senior,"Python, TensorFlow, TFX, Vertex AI, BigQuery, MLOps, Feature Engineering, CI/CD, Feature Store, Kubeflow","TPU Programming, Distributed Training, Julia, XLA",7,"$130,000 - $160,000"
jd_0228,Staff Engineer,SolidOps,Senior,"Java, AWS, DynamoDB, Lambda, SQS, Git, REST APIs","Kotlin, gRPC, Ktor, OpenTelemetry, Protocol Buffers",6,"$135,000 - $165,000"
jd_0229,Senior Full Stack Engineer,NeuralPath Inc.,Senior,"Svelte, Node.js, TypeScript, PostgreSQL, REST APIs, Docker, Git","Storybook, Cypress, Performance Optimization",7,"$140,000 - $170,000"
jd_0230,Staff Engineer,GridAxis Solutions,Senior,"Node.js, TypeScript, GraphQL, MongoDB, Redis, Docker, Git, Agile, REST APIs, CMake","DuckDB, gRPC streaming, WebSockets, Apache Arrow",6,"$135,000 - $165,000"
jd_0231,AI Engineer,GridAxis Solutions,Mid,"Python, TensorFlow, TFX, Vertex AI, BigQuery, MLOps, Feature Engineering, CI/CD","Grafana, Evidently, Data Drift, Model Monitoring",5,"$92,000 - $118,000"
jd_0232,Staff Cloud Engineer,Cascade Systems,Senior,"AWS, Security Hub, IAM, KMS, Terraform, Kubernetes, Linux, Compliance, Prometheus","Traffic Management, Load Balancing, Linkerd, Envoy",8,"$140,000 - $170,000"
jd_0233,AI Engineer,Apex Cloud Inc.,Mid,"Python, TensorFlow, PyTorch, Scikit-learn, MLOps, Feature Engineering, SQL, Docker","TensorRT, C++, Rust, CUDA, Model Quantization",3,"$100,000 - $125,000"
jd_0234,ML Engineer I,PeakSoft Labs,Junior,"Python, Recommendation Systems, Collaborative Filtering, Spark, SQL, MLOps, Docker, Redis","PyMC, Probabilistic Programming, R, Stan",1,"$64,000 - $84,000"
jd_0235,Associate AI Engineer,YottaData Inc.,Junior,"Python, Speech Recognition, Whisper, PyTorch, Audio Processing, MLOps, Docker, Git, PyTorch Geometric","TensorRT, Model Quantization, Rust",2,"$62,000 - $82,000"
jd_0236,Infrastructure Engineer,BluePeak Solutions,Mid,"GCP, BigQuery, Dataflow, Terraform, Python, Kubernetes","Admission Controllers, RBAC, OPA, Kyverno",5,"$92,000 - $118,000"
jd_0237,Staff Engineer,IronForge Tech,Senior,"C++, Multithreading, System Programming, Linux, CMake, Git, Performance Optimization, REST APIs","React, Apache Pulsar, TypeScript, OpenTelemetry, Elasticsearch",7,"$132,000 - $162,000"
jd_0238,Associate Cloud Engineer,Pixel Craft Studio,Junior,"AWS, CDK, EKS, Docker, Linux, Python, CloudFormation, CI/CD, Azure Functions","Vault, Service Discovery, Nomad",0,"$70,000 - $90,000"
jd_0239,Research Engineer,KeystoneAI,Mid,"Python, Time Series, Prophet, LSTM, Pandas, SQL, MLOps, Visualization","Feast, dbt, Great Expectations",3,"$88,000 - $112,000"
jd_0240,Web Application Developer,NovaSky Technologies,Mid,"React, Python, FastAPI, PostgreSQL, Redis, Docker, Git, REST APIs, WebSockets","Sentry, Datadog, Logging",4,"$97,000 - $122,000"
jd_0241,Associate Data Scientist,NeuralPath Inc.,Junior,"Python, SQL, Pandas, Scikit-learn, Feature Engineering, Statistics, Jupyter, Tableau","CatBoost, Stacking, GBM, Ensemble Methods",0,"$64,000 - $84,000"
jd_0242,Principal ML Engineer,Velocity Software,Senior,"Python, Model Serving, TorchServe, ONNX, Triton, Kubernetes, Docker","Rust, C++, Model Quantization, TensorRT, CUDA",7,"$132,000 - $162,000"
jd_0243,ML Tech Lead,Pixel Craft Studio,Lead,"Python, PyTorch, Transformers, HuggingFace, MLflow, Kubernetes","TensorRT, C++, CUDA",8,"$170,000 - $210,000"
jd_0244,Junior ML Engineer,UltraML Corp,Junior,"Python, AutoML, NAS, Hyperparameter Tuning, MLflow, Scikit-learn, SQL, Docker","CUDA, C++, Model Quantization, TensorRT, Rust",2,"$62,000 - $82,000"
jd_0245,Software Developer,ClearPath AI,Mid,"C++, Multithreading, System Programming, Linux, CMake, Git","LiveView, Phoenix, GenServer, Elixir, PubSub",4,"$90,000 - $115,000"
jd_0246,Full Stack Engineer,IronForge Tech,Mid,"React, TypeScript, Remix, Prisma, PostgreSQL, Docker, Git, CSS Modules","Kafka, WebSockets, Real-time, Redis Pub/Sub, Server-Sent Events",4,"$93,000 - $119,000"
jd_0247,Staff ML Engineer,PeakSoft Labs,Senior,"Python, TensorFlow, TFX, Vertex AI, BigQuery, MLOps, Feature Engineering, CI/CD","LlamaIndex, Pinecone, Milvus, Semantic Search, Weaviate",6,"$135,000 - $165,000"
jd_0248,Principal Engineer,KeystoneAI,Senior,"Java, Scala, Apache Kafka, Spark, System Design, Git, REST APIs, JUnit, C++","eBPF, Chaos Engineering, Service Mesh",8,"$132,000 - $162,000"
jd_0249,Lead Analyst,SolidOps,Senior,"Python, SQL, Pandas, NumPy, Looker, Statistics, A/B Testing, Jupyter","MLOps, Model Deployment, Kubernetes, Docker",6,"$128,000 - $158,000"
jd_0250,Associate Cloud Engineer,YottaData Inc.,Junior,"AWS, Prometheus, Grafana, ELK Stack, Terraform, Kubernetes, Docker, Linux","Packer, AMI, Image Hardening, CIS Benchmarks, Golden Images",0,"$65,000 - $85,000"
jd_0251,Product Engineer,BluePeak Solutions,Mid,"Svelte, Node.js, TypeScript, PostgreSQL, REST APIs, Docker, Git","D3.js, Three.js, SVG, Canvas API",4,"$90,000 - $115,000"
jd_0252,Full Stack Engineer,RapidScale Inc.,Mid,"React, Next.js, TypeScript, PostgreSQL, GraphQL, Docker, Git, Tailwind CSS, Redis","Web Workers, GraphQL Federation, Micro Frontends",3,"$95,000 - $120,000"
jd_0253,Junior Software Engineer,FlowData Corp,Junior,"Java, Scala, Apache Kafka, Spark, System Design, Git, REST APIs, JUnit, Python","Kotlin, Protocol Buffers, Ktor, gRPC",1,"$68,000 - $88,000"
jd_0254,Senior DevOps Engineer,EdgeCloud Tech,Senior,"GCP, Terraform, GKE, Docker, Linux, Python","Dynatrace, DataDog, OpenTelemetry",5,"$132,000 - $162,000"
jd_0255,Principal SRE,GigaStack Inc.,Lead,"Azure, Terraform, AKS, Docker, Linux, PowerShell, CI/CD, IaC, CloudFormation","Nginx, Traffic Management, Envoy",8,"$155,000 - $195,000"
jd_0256,Principal Data Scientist,Meridian Analytics,Senior,"Python, SQL, Pandas, NumPy, Looker, Statistics, A/B Testing, Jupyter, Scikit-learn","Dashboard Automation, Tableau Server, Looker, Redash",6,"$138,000 - $168,000"
jd_0257,Platform Engineer,LatticeWorks,Mid,"Kubernetes, Cilium, Service Mesh, Istio, Terraform, AWS, Linux, Python","Crossplane, Operator Pattern, CRDs, Kubernetes API",4,"$100,000 - $125,000"
jd_0258,Senior Platform Engineer,RapidScale Inc.,Senior,"AWS, Cost Optimization, FinOps, Terraform, EC2, RDS","Kernel Networking, Performance Tuning, Go",8,"$138,000 - $168,000"
jd_0259,Junior Web Developer,ClearPath AI,Junior,"React, Next.js, TypeScript, PostgreSQL, GraphQL, Docker","Meilisearch, Algolia, Full-Text Search, OpenSearch",0,"$62,000 - $82,000"
jd_0260,Associate SDE,EdgeCloud Tech,Junior,"Python, Django, Celery, Redis, PostgreSQL, Docker, REST APIs","gRPC streaming, Go, DuckDB",1,"$62,000 - $82,000"
jd_0261,Senior Backend Engineer,JupiterCloud,Senior,"Go, gRPC, Distributed Systems, Kafka, Redis, PostgreSQL, Docker, Linux, Git, C#","DDD, CQRS, Apache Flink",7,"$145,000 - $175,000"
jd_0262,Cloud Engineer I,GridAxis Solutions,Junior,"Azure, Bicep, AKS, Azure DevOps, Linux, Python, Monitoring, Security, Lambda","Consul, Vault, Secrets Management",2,"$68,000 - $88,000"
jd_0263,Principal Cloud Engineer,SolidOps,Lead,"AWS, Azure, Terraform, Kubernetes, Docker, Ansible, Linux","Service Discovery, Secrets Management, Vault, Consul",9,"$155,000 - $195,000"
jd_0264,Machine Learning Developer,PulseDev Corp,Mid,"Python, AutoML, NAS, Hyperparameter Tuning, MLflow, Scikit-learn, SQL, Docker, API Integration","Milvus, Semantic Search, LlamaIndex",3,"$88,000 - $112,000"
jd_0265,Staff Engineer,OmniData Systems,Senior,"Python, C++, Algorithm Design, Data Structures, System Design, Linux, Git, Code Review","Event Sourcing, Kotlin, CQRS, DDD, Apache Flink",7,"$145,000 - $175,000"
jd_0266,ML Engineer I,Quantum Dynamics,Junior,"Python, PyTorch, Transformers, HuggingFace, MLflow, Kubernetes, Feature Engineering, Git","Profiling, SIMD, Memory Optimization, C++, Latency Reduction",2,"$60,000 - $80,000"
jd_0267,Entry-Level ML Developer,NeuralPath Inc.,Junior,"Python, NLP, spaCy, Transformers, BERT, MLflow, SQL","CUDA, Model Quantization, TensorRT, Rust, C++",2,"$60,000 - $80,000"
jd_0268,Research Engineer,Stratus Systems,Mid,"Python, PyTorch, Transformers, HuggingFace, MLflow, Kubernetes, Feature Engineering, Git, Spark, SQL","C++, Profiling, Memory Optimization",4,"$100,000 - $125,000"
jd_0269,Senior Backend Engineer,Velocity Software,Senior,"C++, Go, Microservices, Kubernetes, Docker, PostgreSQL","Terraform, Grafana, GraphQL",6,"$135,000 - $165,000"
jd_0270,Research Analyst,IronForge Tech,Mid,"Python, SQL, dbt, Looker, Statistics, A/B Testing, Pandas, Data Pipelines, Feature Engineering","Deep Learning, TensorFlow, PyTorch",3,"$100,000 - $125,000"
jd_0271,Staff Data Scientist,RiftData Labs,Senior,"Python, SQL, Causal Inference, Bayesian Statistics, Pandas, Scikit-learn","Databricks, Feature Store, Spark MLlib, Delta Lake",8,"$128,000 - $158,000"
jd_0272,Junior Full Stack Developer,BrightMind AI,Junior,"React, TypeScript, Remix, Prisma, PostgreSQL, Docker, Git, CSS Modules","Sentry, Monitoring, Logging, OpenTelemetry",2,"$65,000 - $85,000"
jd_0273,Staff Cloud Engineer,SolidOps,Senior,"Terraform, Pulumi, AWS, GCP, Kubernetes, Docker, Python, CI/CD, Azure","Vault, Consul, Secrets Management",6,"$128,000 - $158,000"
jd_0274,Applied ML Engineer,QuantumLeap Tech,Mid,"Python, LLMs, RAG, Vector Databases, LangChain, Fine-tuning, API Integration, Git, MLOps","Profiling, SIMD, Memory Optimization",3,"$90,000 - $115,000"
jd_0275,Entry-Level SDE,HorizonTech,Junior,"Python, Java, Spring Boot, Microservices, SQL, Git, Unit Testing, Agile, System Design, JUnit","gRPC, Protocol Buffers, OpenTelemetry, Ktor, Kotlin",2,"$62,000 - $82,000"
jd_0276,Principal SRE,Stellar Innovations,Lead,"Kubernetes, Argo CD, GitOps, Terraform, AWS, Docker, Linux, Helm, Multi-Cloud","GitOps, FluxCD, ArgoCD",9,"$160,000 - $200,000"
jd_0277,Associate Full Stack Engineer,ClearPath AI,Junior,"React, Node.js, GraphQL, MongoDB, Redis, AWS, Docker","SVG, Three.js, Canvas API, Data Visualization, D3.js",1,"$60,000 - $80,000"
jd_0278,Junior Data Scientist,InfiniteOps,Junior,"Python, SQL, Power BI, DAX, Excel, Statistics","Spark MLlib, MLflow, Databricks, Feature Store, Delta Lake",2,"$66,000 - $86,000"
jd_0279,Lead Analyst,ZenithSoft,Senior,"Python, SQL, Anomaly Detection, Time Series, Pandas, Scikit-learn, Statistics, Git","MCMC, Stan, PyMC, Bayesian Modeling, Probabilistic Programming",7,"$145,000 - $175,000"
jd_0280,Machine Learning Developer,PeakSoft Labs,Mid,"Python, Model Serving, TorchServe, ONNX, Triton, Kubernetes, Docker, REST APIs, CNNs","dbt, Tecton, Great Expectations, Feast, Data Quality",3,"$95,000 - $120,000"
jd_0281,Backend Engineer,GridAxis Solutions,Mid,"Go, gRPC, Distributed Systems, Kafka, Redis, PostgreSQL, Docker, Linux, Git, System Design","GenServer, PubSub, Phoenix",5,"$100,000 - $125,000"
jd_0282,Cloud Architect,GridAxis Solutions,Lead,"AWS, Lambda, Serverless, API Gateway, DynamoDB, Python, CI/CD, IaC, Cilium","Envoy, Load Balancing, Traffic Management",8,"$180,000 - $220,000"
jd_0283,Associate Cloud Engineer,BrightMind AI,Junior,"GCP, BigQuery, Dataflow, Terraform, Python, Kubernetes, Docker, Linux","CIS Benchmarks, AMI, Golden Images, Packer, Image Hardening",0,"$62,000 - $82,000"
jd_0284,ML Engineer I,DawnByte Inc.,Junior,"Python, Model Serving, TorchServe, ONNX, Triton, Kubernetes, Docker, REST APIs, Git, Reinforcement Learning","Feast, Tecton, Data Quality, Great Expectations",2,"$60,000 - $80,000"
jd_0285,Associate Data Scientist,PulseDev Corp,Junior,"Python, SQL, SciPy, Pandas, Matplotlib, Regression Analysis","Kubernetes, MLOps, API Integration, Model Deployment, Docker",1,"$65,000 - $85,000"
jd_0286,Senior Research Scientist,EvolveCloud,Senior,"Python, SQL, dbt, Looker, Statistics, A/B Testing, Pandas, Data Pipelines","R Shiny, Streamlit, Bokeh, Plotly Dash, Interactive Dashboards",8,"$138,000 - $168,000"
jd_0287,AI Engineer,InfiniteOps,Mid,"Python, PyTorch, Computer Vision, OpenCV, CNNs, MLOps, Docker, REST APIs, Feature Engineering","Model Registry, Seldon, Ray Serve, Kubernetes, BentoML",4,"$90,000 - $115,000"
jd_0288,Entry-Level SDE,NovaSky Technologies,Junior,"Java, Python, Data Structures, Algorithms, System Design, REST APIs, Git, CI/CD, Microservices","Apache Avro, ksqlDB, Redis Streams, Schema Registry",2,"$68,000 - $88,000"
jd_0289,Senior Research Scientist,BluePeak Solutions,Senior,"Python, SQL, Causal Inference, Bayesian Statistics, Pandas, Scikit-learn, Jupyter, Git","Metabase, Dashboard Automation, Looker, Tableau Server",6,"$138,000 - $168,000"
jd_0290,Web Application Developer,InfiniteOps,Mid,"React, Python, Flask, PostgreSQL, Celery, Docker, Git, REST APIs, Tailwind CSS","Algolia, Full-Text Search, Elasticsearch",4,"$92,000 - $118,000"
jd_0291,Machine Learning Developer,InfiniteOps,Mid,"Python, Recommendation Systems, Collaborative Filtering, Spark, SQL, MLOps, Docker, Redis, Scikit-learn, MLflow","Milvus, Pinecone, Semantic Search, LlamaIndex",4,"$90,000 - $115,000"
jd_0292,Senior Full Stack Engineer,Stellar Innovations,Senior,"Angular, Spring Boot, Java, MySQL, REST APIs, Docker","CI/CD, Infrastructure as Code, AWS CDK",5,"$145,000 - $175,000"
jd_0293,Full Stack Developer I,DawnByte Inc.,Junior,"React, TypeScript, Remix, Prisma, PostgreSQL, Docker","AWS CDK, Infrastructure as Code, GitOps, CI/CD",1,"$68,000 - $88,000"
jd_0294,Junior Web Developer,MangoSoft,Junior,"React Native, Node.js, TypeScript, MongoDB, REST APIs, Docker, Git, Mobile Development","Full-Text Search, Algolia, OpenSearch, Meilisearch, Elasticsearch",0,"$65,000 - $85,000"
jd_0295,Full Stack Engineer,Cascade Systems,Mid,"Next.js, React, TypeScript, Supabase, PostgreSQL, Docker, Git, Tailwind CSS, Node.js","Stripe, OAuth, Clerk, Auth0",5,"$100,000 - $125,000"
jd_0296,Lead Cloud Engineer,ZenithSoft,Lead,"AWS, Security Hub, IAM, KMS, Terraform, Kubernetes, Linux","Cloud Cost Management, FinOps, Reserved Instances, Spot Instances",8,"$168,000 - $208,000"
jd_0297,Platform Engineer,Luminary Data Co.,Mid,"Java, Scala, Apache Kafka, Spark, System Design, Git, REST APIs, JUnit, gRPC","Protocol Buffers, Kotlin, OpenTelemetry, gRPC, Ktor",5,"$92,000 - $118,000"
jd_0298,Senior ML Engineer,XcelCloud,Senior,"Python, A/B Testing, Causal Inference, Statistics, SQL, Pandas, Experimentation Platform, Git, Graph Neural Networks","Data Quality, Tecton, Great Expectations",6,"$132,000 - $162,000"
jd_0299,Junior Full Stack Developer,TurboStack,Junior,"React, Node.js, TypeScript, PostgreSQL, REST APIs, Docker, Git, CSS, Next.js","Sentry, Monitoring, Datadog",0,"$64,000 - $84,000"
jd_0300,Senior Software Engineer,Meridian Analytics,Senior,"Swift, iOS SDK, Xcode, REST APIs, Core Data, Git, Unit Testing, Agile","Redis Streams, ksqlDB, Schema Registry",8,"$145,000 - $175,000"
jd_0301,Senior SRE,SkyBridge Tech,Senior,"Kubernetes, Cilium, Service Mesh, Istio, Terraform, AWS, Linux","Cloud Cost Management, FinOps, Reserved Instances",6,"$135,000 - $165,000"
jd_0302,Associate AI Engineer,GridAxis Solutions,Junior,"Python, PyTorch, Distributed Training, NCCL, GPU Optimization, CUDA, Linux, Git, Scikit-learn","Edge Deployment, ONNX Runtime, Real-time Inference, Go",2,"$66,000 - $86,000"
jd_0303,Software Developer,HaloTech Systems,Mid,"Python, FastAPI, PostgreSQL, Redis, Docker, Git, REST APIs, TDD","Vector DBs, Python, ML basics, Observability, LLM APIs",3,"$97,000 - $122,000"
jd_0304,Associate AI Engineer,OceanTech,Junior,"Python, PyTorch, Diffusion Models, Generative AI, LLM Fine-tuning, Hugging Face, Git, Linux","Databricks, Scala, Delta Lake, Spark MLlib, Feature Platform",1,"$66,000 - $86,000"
jd_0305,Associate Cloud Engineer,GigaStack Inc.,Junior,"GCP, BigQuery, Dataflow, Terraform, Python, Kubernetes, Docker, Linux","Progressive Delivery, FluxCD, ArgoCD, GitOps",2,"$60,000 - $80,000"
jd_0306,Senior SRE,PulseDev Corp,Senior,"AWS, ECS, Fargate, Terraform, Docker, Python, CI/CD, Networking","Chaos Engineering, Error Budgets, Reliability, SLOs, SLIs",7,"$132,000 - $162,000"
jd_0307,Infrastructure Engineer,LatticeWorks,Mid,"Kubernetes, Cilium, Service Mesh, Istio, Terraform, AWS, Linux, Python, Monitoring","Golden Images, Image Hardening, Packer, CIS Benchmarks",4,"$92,000 - $118,000"
jd_0308,Junior Data Scientist,Velocity Software,Junior,"Python, SQL, Pandas, Scikit-learn, XGBoost, Statistics, Tableau, Git","Neo4j, Community Detection, Graph Analytics, NetworkX",1,"$60,000 - $80,000"
jd_0309,Applied ML Engineer,Apex Cloud Inc.,Mid,"Python, Multi-modal Models, Vision-Language, CLIP, PyTorch, Docker, Git, REST APIs","Latency Reduction, Memory Optimization, Profiling",3,"$95,000 - $120,000"
jd_0310,ML Engineer,Synapse AI Labs,Mid,"Python, PyTorch, Computer Vision, OpenCV, CNNs, MLOps, Docker","Grafana, Evidently, Model Monitoring, Data Drift, Prometheus",3,"$93,000 - $119,000"
jd_0311,Associate AI Engineer,BetaOps Inc.,Junior,"Python, PyTorch, Computer Vision, OpenCV, CNNs, MLOps, Docker, REST APIs","Distributed Training, TPU Programming, Julia, JAX",1,"$68,000 - $88,000"
jd_0312,Research Analyst,UltraML Corp,Mid,"Python, SQL, Spark, BigQuery, Tableau, Statistics","Ensemble Methods, LightGBM, GBM",5,"$92,000 - $118,000"
jd_0313,Principal AI Engineer,JupiterCloud,Lead,"Python, PyTorch, Diffusion Models, Generative AI, LLM Fine-tuning, Hugging Face, Git, Linux","Go, Real-time Inference, Kafka",9,"$160,000 - $200,000"
jd_0314,Full Stack Developer I,MeshCloud Inc.,Junior,"React, Next.js, TypeScript, PostgreSQL, GraphQL, Docker","Data Visualization, D3.js, Three.js",1,"$64,000 - $84,000"
jd_0315,Senior SRE,BluePeak Solutions,Senior,"GCP, BigQuery, Dataflow, Terraform, Python, Kubernetes","ArgoCD, Progressive Delivery, GitOps",7,"$145,000 - $175,000"
jd_0316,Senior Research Engineer,IronForge Tech,Senior,"Python, NLP, spaCy, Transformers, BERT, MLflow, SQL, Docker, Hyperparameter Tuning","Weaviate, Semantic Search, Pinecone, LlamaIndex",6,"$130,000 - $160,000"
jd_0317,Cloud Engineer,ZenithSoft,Mid,"GCP, BigQuery, Dataflow, Terraform, Python, Kubernetes, Docker","Golden Images, Packer, Image Hardening, CIS Benchmarks, AMI",4,"$92,000 - $118,000"
jd_0318,Platform Engineer,MeshCloud Inc.,Mid,"AWS, Prometheus, Grafana, ELK Stack, Terraform, Kubernetes, Docker, Linux, BigQuery, Python","CIS Benchmarks, Packer, Golden Images, Image Hardening",3,"$100,000 - $125,000"
jd_0319,Machine Learning Developer,DeepSight Labs,Mid,"Python, PyTorch, Distributed Training, NCCL, GPU Optimization, CUDA, Linux, Git, TensorFlow, SQL","Databricks, Spark MLlib, Delta Lake, Scala",5,"$88,000 - $112,000"
jd_0320,ML Engineer,Vanguard Systems,Mid,"Python, TensorFlow, TFX, Vertex AI, BigQuery, MLOps","Distributed Training, XLA, JAX",3,"$93,000 - $119,000"
jd_0321,Staff Cloud Engineer,HaloTech Systems,Senior,"AWS, Lambda, Serverless, API Gateway, DynamoDB, Python, CI/CD, IaC","Spot Instances, Rightsizing, Reserved Instances",5,"$130,000 - $160,000"
jd_0322,Senior Full Stack Engineer,UltraML Corp,Senior,"Vue.js, Express, JavaScript, MongoDB, REST APIs, Docker, Git, HTML/CSS","React Query, Jotai, State Management, SWR",5,"$138,000 - $168,000"
jd_0323,Senior ML Engineer,Synapse AI Labs,Senior,"Python, Multi-modal Models, Vision-Language, CLIP, PyTorch, Docker, Git, REST APIs","Model Registry, BentoML, Kubernetes",6,"$135,000 - $165,000"
jd_0324,Senior Research Engineer,Tandem Systems,Senior,"Python, PyTorch, Distributed Training, NCCL, GPU Optimization, CUDA, Linux, Git, Docker","ONNX Runtime, Edge Deployment, Real-time Inference, Kafka",8,"$128,000 - $158,000"
jd_0325,Entry-Level SDE,NovaSky Technologies,Junior,"Python, Flask, SQLAlchemy, PostgreSQL, Docker, Git","Apache Flink, Event Sourcing, Kotlin, DDD, CQRS",2,"$65,000 - $85,000"
jd_0326,Engineering Manager,MeshCloud Inc.,Lead,"JavaScript, Node.js, TypeScript, PostgreSQL, REST APIs, Docker, Git","Contract Testing, Azure, OpenAPI, A/B Testing",8,"$168,000 - $208,000"
jd_0327,Applied Data Scientist,SkyBridge Tech,Mid,"Python, SQL, Natural Language Processing, Text Mining, Pandas, Statistics, Jupyter, Git","Ensemble Methods, CatBoost, GBM",4,"$95,000 - $120,000"
jd_0328,Senior SDE,DeepSight Labs,Senior,"JavaScript, Node.js, TypeScript, PostgreSQL, REST APIs, Docker, Git","Elixir, GenServer, Phoenix, LiveView, PubSub",8,"$140,000 - $170,000"
jd_0329,Backend Engineer,PeakSoft Labs,Mid,"Java, Microservices, Kafka, Spring Cloud, Redis, PostgreSQL, Docker, Kubernetes, Linux","GenServer, PubSub, LiveView, Phoenix, Elixir",4,"$97,000 - $122,000"
jd_0330,Senior ML Engineer,IronForge Tech,Senior,"Python, Reinforcement Learning, PyTorch, OpenAI Gym, Distributed Training, Linux, Git, MLOps","Stan, Probabilistic Programming, Bayesian Inference",7,"$135,000 - $165,000"
jd_0331,ML Engineer,NovaSky Technologies,Mid,"Python, Multi-modal Models, Vision-Language, CLIP, PyTorch, Docker, Git","TensorRT, C++, CUDA, Model Quantization",4,"$100,000 - $125,000"
jd_0332,Machine Learning Developer,WaveLogic Labs,Mid,"Python, PyTorch, Computer Vision, OpenCV, CNNs, MLOps, Docker, REST APIs, Keras","Milvus, Weaviate, LlamaIndex, Pinecone, Semantic Search",3,"$100,000 - $125,000"
jd_0333,Data Scientist,CoreLogic Labs,Mid,"Python, SQL, dbt, Looker, Statistics, A/B Testing","Sentiment Analysis, Entity Recognition, NLP, BERT, spaCy",3,"$95,000 - $120,000"
jd_0334,Senior ML Engineer,GigaStack Inc.,Senior,"Python, NLP, spaCy, Transformers, BERT, MLflow","Data Drift, Evidently, Grafana",6,"$135,000 - $165,000"
jd_0335,Senior SRE,YottaData Inc.,Senior,"Azure, Bicep, AKS, Azure DevOps, Linux, Python","SLIs, Reliability, Error Budgets, Chaos Engineering, SLOs",7,"$130,000 - $160,000"
jd_0336,Lead Full Stack Developer,GridAxis Solutions,Lead,"Next.js, React, TypeScript, Supabase, PostgreSQL, Docker, Git, Tailwind CSS, Node.js","CI/CD, Infrastructure as Code, Terraform, GitOps",8,"$155,000 - $195,000"
jd_0337,Research Engineer,Tandem Systems,Mid,"Python, Model Serving, TorchServe, ONNX, Triton, Kubernetes","BentoML, Model Registry, Kubernetes, Ray Serve",4,"$100,000 - $125,000"
jd_0338,Junior Full Stack Developer,Luminary Data Co.,Junior,"React, Node.js, GraphQL, MongoDB, Redis, AWS, Docker, Git","Clerk, Payment Integration, OAuth, Auth0, Stripe",0,"$64,000 - $84,000"
jd_0339,Staff Engineer,Cascade Systems,Senior,"C#, .NET, Azure, SQL Server, REST APIs, Git, Unit Testing","Chaos Engineering, gRPC, Rust, Service Mesh",6,"$135,000 - $165,000"
jd_0340,Senior Full Stack Developer,InfiniteOps,Senior,"React, Python, Flask, PostgreSQL, Celery, Docker","Web Workers, WebAssembly, Micro Frontends, GraphQL Federation, PWA",6,"$132,000 - $162,000"
jd_0341,Senior Backend Engineer,BrightMind AI,Senior,"Java, AWS, DynamoDB, Lambda, SQS, Git, REST APIs, Microservices","OpenTelemetry, React, TypeScript",7,"$135,000 - $165,000"
jd_0342,Full Stack Developer,Vanguard Systems,Mid,"Angular, Spring Boot, Java, MySQL, REST APIs, Docker, Git","Algolia, Full-Text Search, Elasticsearch",5,"$88,000 - $112,000"
jd_0343,Platform Engineer,BluePeak Solutions,Mid,"GCP, BigQuery, Dataflow, Terraform, Python, Kubernetes, Docker, Linux, Azure DevOps","Envoy, Traffic Management, Nginx, Linkerd",3,"$88,000 - $112,000"
jd_0344,Senior Web Engineer,Stratus Systems,Senior,"React, Node.js, TypeScript, DynamoDB, Lambda, AWS, Git, REST APIs, Docker","OpenAPI, Contract Testing, Swagger, tRPC, API Design",6,"$140,000 - $170,000"
jd_0345,Senior Full Stack Developer,UltraML Corp,Senior,"Next.js, TypeScript, Prisma, PostgreSQL, Tailwind CSS, Vercel","Auth0, Clerk, OAuth, Payment Integration, Stripe",5,"$130,000 - $160,000"
jd_0346,Junior Cloud Engineer,Vanguard Systems,Junior,"AWS, Prometheus, Grafana, ELK Stack, Terraform, Kubernetes, Docker","Rightsizing, FinOps, Spot Instances",1,"$60,000 - $80,000"
jd_0347,Cloud Engineer,BrightMind AI,Mid,"AWS, Cost Optimization, FinOps, Terraform, EC2, RDS, Lambda, Python, Azure","Reserved Instances, Rightsizing, Cloud Cost Management, FinOps",3,"$100,000 - $125,000"
jd_0348,Principal Data Scientist,SkyBridge Tech,Senior,"Python, SQL, Spark, BigQuery, Tableau, Statistics","Community Detection, NetworkX, Link Prediction, Graph Analytics, Neo4j",5,"$132,000 - $162,000"
jd_0349,Principal Data Scientist,IronForge Tech,Senior,"Python, SQL, Statsmodels, Seaborn, Jupyter, Experiment Design, Pandas, Storytelling, Excel","Stan, Probabilistic Programming, MCMC",5,"$135,000 - $165,000"
jd_0350,Associate Cloud Engineer,RapidScale Inc.,Junior,"AWS, Security Hub, IAM, KMS, Terraform, Kubernetes, Linux, Compliance","Nginx, Linkerd, Load Balancing",2,"$68,000 - $88,000"
jd_0351,Senior Web Engineer,UpStream Tech,Senior,"Next.js, React, TypeScript, Supabase, PostgreSQL, Docker, Git, Tailwind CSS, REST APIs","Clerk, Payment Integration, Stripe, OAuth, Auth0",8,"$135,000 - $165,000"
jd_0352,Senior SDE,RapidScale Inc.,Senior,"Java, Spring Boot, Hibernate, MySQL, Maven, Git","OpenTelemetry, TypeScript, Elasticsearch, React, Apache Pulsar",7,"$132,000 - $162,000"
jd_0353,Full Stack Engineer,Velocity Software,Mid,"React, Node.js, TypeScript, DynamoDB, Lambda, AWS, Git, REST APIs","React Query, State Management, SWR, Zustand",3,"$100,000 - $125,000"
jd_0354,Senior AI Engineer,FlowData Corp,Senior,"Python, Speech Recognition, Whisper, PyTorch, Audio Processing, MLOps, Docker, Git, Experimentation Platform","Ray Serve, Model Registry, Kubernetes, BentoML, Seldon",5,"$140,000 - $170,000"
jd_0355,Site Reliability Engineer,XcelCloud,Mid,"AWS, Terraform, Kubernetes, Docker, Linux, Python, CI/CD, Networking","Nginx, Linkerd, Traffic Management, Envoy",3,"$90,000 - $115,000"
jd_0356,Site Reliability Engineer,HaloTech Systems,Mid,"AWS, Ansible, Terraform, EC2, VPC, Linux, Python","Operator Pattern, Custom Controllers, Kubernetes API",5,"$88,000 - $112,000"
jd_0357,Quantitative Analyst,NovaSky Technologies,Mid,"Python, SQL, Causal Inference, Bayesian Statistics, Pandas, Scikit-learn, Jupyter, Git, Time Series Analysis","PyMC, Bayesian Modeling, Probabilistic Programming, MCMC, Stan",4,"$95,000 - $120,000"
jd_0358,Analytics Scientist,Luminary Data Co.,Mid,"Python, SQL, Natural Language Processing, Text Mining, Pandas, Statistics, Jupyter, Git","Computer Vision, Neural Networks, Deep Learning, TensorFlow",5,"$95,000 - $120,000"
jd_0359,Lead Software Engineer,HaloTech Systems,Lead,"Java, Python, Data Structures, Algorithms, System Design, REST APIs, Git, CI/CD, Agile","Azure, Feature Flags, Contract Testing, OpenAPI, A/B Testing",10,"$170,000 - $210,000"
jd_0360,Senior Research Scientist,MeshCloud Inc.,Senior,"Python, SQL, Pandas, NumPy, Looker, Statistics","Bokeh, R Shiny, Interactive Dashboards, Plotly Dash",6,"$138,000 - $168,000"
jd_0361,Cloud Engineer,Tandem Systems,Mid,"Multi-Cloud, AWS, Azure, Terraform, Kubernetes, Docker, Linux, Security, GitOps","Rightsizing, Cloud Cost Management, Spot Instances, FinOps, Reserved Instances",4,"$92,000 - $118,000"
jd_0362,Product Engineer,KernelOps,Mid,"Vue.js, Laravel, PHP, MySQL, REST APIs, Docker, Git, CI/CD, PostgreSQL","Stripe, Payment Integration, Auth0, OAuth",3,"$100,000 - $125,000"
jd_0363,Staff Engineer,NovaSky Technologies,Senior,"Kotlin, Java, Android SDK, REST APIs, Git, Unit Testing, Agile, CI/CD","AWS, Grafana, Terraform",6,"$138,000 - $168,000"
jd_0364,Staff Data Scientist,Velocity Software,Senior,"Python, SQL, Power BI, DAX, Excel, Statistics, Data Cleaning, Pandas","Bokeh, Plotly Dash, R Shiny, Streamlit, Interactive Dashboards",6,"$140,000 - $170,000"
jd_0365,Senior Software Engineer,NovaSky Technologies,Senior,"Java, Spring Boot, Hibernate, MySQL, Maven, Git, REST APIs, Microservices, Agile","Python, Vector DBs, ML basics",6,"$138,000 - $168,000"
jd_0366,Tech Lead (Full Stack),HorizonTech,Senior,"React, Node.js, TypeScript, PostgreSQL, REST APIs, Docker","React Query, Jotai, State Management, Zustand",6,"$140,000 - $170,000"
jd_0367,Full Stack Developer,TurboStack,Mid,"React, Next.js, TypeScript, PostgreSQL, GraphQL, Docker","Micro Frontends, PWA, GraphQL Federation",5,"$97,000 - $122,000"
jd_0368,Senior AI Engineer,MangoSoft,Senior,"Python, TensorFlow, PyTorch, Scikit-learn, MLOps, Feature Engineering, SQL","JAX, Distributed Training, XLA, TPU Programming, Julia",7,"$132,000 - $162,000"
jd_0369,Entry-Level ML Developer,CoreLogic Labs,Junior,"Python, SageMaker, AWS, MLOps, Scikit-learn, Pandas, SQL, Docker, Hugging Face","BentoML, Ray Serve, Kubernetes",0,"$68,000 - $88,000"
jd_0370,Web Application Developer,ZenithSoft,Mid,"Angular, .NET, C#, SQL Server, REST APIs, Azure, Docker, Git, WebSockets, Socket.io","State Management, Jotai, React Query, SWR",3,"$90,000 - $115,000"
jd_0371,Senior AI Engineer,KeystoneAI,Senior,"Python, Recommendation Systems, Collaborative Filtering, Spark, SQL, MLOps, Docker","Great Expectations, Data Quality, dbt",8,"$135,000 - $165,000"
jd_0372,Platform Engineer,MangoSoft,Mid,"Swift, iOS SDK, Xcode, REST APIs, Core Data, Git, Unit Testing, Agile, Kubernetes, Microservices","CQRS, Apache Flink, Kotlin, Event Sourcing",3,"$93,000 - $119,000"
jd_0373,Tech Lead (Full Stack),DataNexus Corp,Senior,"React, Django, Python, PostgreSQL, Celery, Redis, Docker, Git, Next.js","Algolia, Meilisearch, OpenSearch, Elasticsearch, Full-Text Search",8,"$138,000 - $168,000"
jd_0374,Platform Engineer,MangoSoft,Mid,"Go, Kubernetes, gRPC, Prometheus, PostgreSQL, Linux, Git","WebSockets, Apache Arrow, gRPC streaming, DuckDB",4,"$100,000 - $125,000"
jd_0375,Senior SDE,Apex Cloud Inc.,Senior,"Kotlin, Java, Android SDK, REST APIs, Git, Unit Testing, Agile, CI/CD, Performance Optimization","GraphQL, Grafana, Terraform, AWS, Prometheus",6,"$145,000 - $175,000"
jd_0376,Web Application Developer,AlphaStack Corp,Mid,"React, Python, FastAPI, PostgreSQL, Redis, Docker, Git, REST APIs, JavaScript","Contract Testing, Swagger, tRPC, OpenAPI",3,"$97,000 - $122,000"
jd_0377,Web Application Developer,MangoSoft,Mid,"Svelte, Node.js, TypeScript, PostgreSQL, REST APIs, Docker, Git, CSS","Micro Frontends, GraphQL Federation, WebAssembly",4,"$92,000 - $118,000"
jd_0378,Principal ML Engineer,Vanguard Systems,Senior,"Python, PyTorch, Distributed Training, NCCL, GPU Optimization, CUDA, Linux, Git","Model Quantization, C++, CUDA",5,"$140,000 - $170,000"
jd_0379,Software Engineer (Full Stack),AlphaStack Corp,Mid,"Next.js, React, TypeScript, Supabase, PostgreSQL, Docker","Micro Frontends, Web Workers, WebAssembly",4,"$93,000 - $119,000"
jd_0380,Senior Research Engineer,PeakSoft Labs,Senior,"Python, PyTorch, Transformers, HuggingFace, MLflow, Kubernetes, Feature Engineering, Git, LLM Fine-tuning","Distributed Training, TPU Programming, Julia, JAX",7,"$140,000 - $170,000"
jd_0381,Full Stack Engineer,QuantumLeap Tech,Mid,"React, Node.js, TypeScript, PostgreSQL, REST APIs, Docker, Git, CSS","SVG, Canvas API, D3.js, Data Visualization",4,"$93,000 - $119,000"
jd_0382,Senior SRE,YottaData Inc.,Senior,"AWS, Terraform, Kubernetes, Docker, Linux, Python","SLOs, SLIs, Error Budgets, Reliability, Chaos Engineering",8,"$132,000 - $162,000"
jd_0383,Staff Cloud Engineer,JetStream Analytics,Senior,"GCP, BigQuery, Dataflow, Terraform, Python, Kubernetes","Service Discovery, Consul, Nomad, Secrets Management",6,"$140,000 - $170,000"
jd_0384,Staff Data Scientist,Pixel Craft Studio,Senior,"Python, SQL, Power BI, DAX, Excel, Statistics, Data Cleaning","Dashboard Automation, Looker, Redash, Tableau Server, Metabase",7,"$145,000 - $175,000"
jd_0385,AI Engineer,RapidScale Inc.,Mid,"Python, Graph Neural Networks, PyTorch Geometric, NetworkX, Feature Engineering, SQL, Docker, Git, Collaborative Filtering, Spark","R, Bayesian Inference, Stan, Probabilistic Programming, PyMC",3,"$88,000 - $112,000"
jd_0386,Head of ML,Cascade Systems,Lead,"Python, NLP, spaCy, Transformers, BERT, MLflow, SQL, Docker, TorchServe","CUDA, C++, TensorRT, Model Quantization",10,"$170,000 - $210,000"
jd_0387,Senior Web Engineer,PeakSoft Labs,Senior,"Angular, Spring Boot, Java, MySQL, REST APIs, Docker","Infrastructure as Code, AWS CDK, GitOps, Terraform",5,"$140,000 - $170,000"
jd_0388,Staff Full Stack Engineer,KernelOps,Senior,"Vue.js, Laravel, PHP, MySQL, REST APIs, Docker, Git, CI/CD","Cypress, Playwright, Accessibility",6,"$140,000 - $170,000"
jd_0389,Lead Full Stack Developer,DataNexus Corp,Lead,"Next.js, TypeScript, Prisma, PostgreSQL, Tailwind CSS, Vercel, Git, REST APIs, React","D3.js, Data Visualization, SVG",10,"$175,000 - $215,000"
jd_0390,Head of Data Science,Apex Cloud Inc.,Lead,"Python, SQL, Anomaly Detection, Time Series, Pandas, Scikit-learn","API Integration, Docker, Kubernetes, Model Deployment, MLOps",8,"$155,000 - $195,000"
jd_0391,Analytics Scientist,YottaData Inc.,Mid,"Python, SQL, Statsmodels, Seaborn, Jupyter, Experiment Design, Pandas, Storytelling, Statistics","NLP, Entity Recognition, BERT, Sentiment Analysis",3,"$92,000 - $118,000"
jd_0392,Software Engineer I,HorizonTech,Junior,"Rust, Systems Programming, WebAssembly, Linux, Git, Performance Optimization, REST APIs, Docker","DuckDB, Go, Apache Arrow",1,"$62,000 - $82,000"
jd_0393,Quantitative Analyst,PeakSoft Labs,Mid,"Python, SQL, Pandas, NumPy, Looker, Statistics, A/B Testing","Community Detection, Neo4j, Link Prediction",3,"$95,000 - $120,000"
jd_0394,Backend Engineer,PeakSoft Labs,Mid,"Python, C++, Algorithm Design, Data Structures, System Design, Linux, Git, Code Review, Celery","Chaos Engineering, gRPC, eBPF",4,"$95,000 - $120,000"
jd_0395,Lead Analyst,Luminary Data Co.,Senior,"Python, SQL, Pandas, NumPy, Looker, Statistics, A/B Testing","NetworkX, Community Detection, Neo4j",7,"$145,000 - $175,000"
jd_0396,Principal Data Scientist,HorizonTech,Senior,"Python, SQL, Statsmodels, Seaborn, Jupyter, Experiment Design, Pandas, Storytelling","Entity Recognition, NLP, Sentiment Analysis, spaCy, BERT",5,"$135,000 - $165,000"
jd_0397,Staff ML Engineer,TurboStack,Senior,"Python, TensorFlow, Keras, Pandas, NumPy, MLOps, SQL, Cloud Platforms, REST APIs","TensorRT, C++, Rust, Model Quantization",7,"$128,000 - $158,000"
jd_0398,Principal Engineer,PeakSoft Labs,Senior,"Python, C++, Algorithm Design, Data Structures, System Design, Linux","ksqlDB, Schema Registry, Redis Streams, Apache Avro, Confluent",6,"$138,000 - $168,000"
jd_0399,ML Tech Lead,LatticeWorks,Lead,"Python, PyTorch, Computer Vision, OpenCV, CNNs, MLOps, Docker, REST APIs","Data Drift, Model Monitoring, Prometheus, Evidently, Grafana",10,"$168,000 - $208,000"
jd_0400,Infrastructure Engineer,Stellar Innovations,Mid,"AWS, CDK, EKS, Docker, Linux, Python, CloudFormation","Golden Images, AMI, Image Hardening, Packer",5,"$100,000 - $125,000"
jd_0401,Research Analyst,EvolveCloud,Mid,"Python, SQL, SciPy, Pandas, Matplotlib, Regression Analysis, Statistics, Excel","R Shiny, Interactive Dashboards, Plotly Dash, Bokeh, Streamlit",3,"$97,000 - $122,000"
jd_0402,Associate AI Engineer,NeuralPath Inc.,Junior,"Python, Speech Recognition, Whisper, PyTorch, Audio Processing, MLOps, Docker, Git, Feature Engineering","Model Monitoring, Evidently, Grafana",2,"$64,000 - $84,000"
jd_0403,Cloud Engineer I,JetStream Analytics,Junior,"Kubernetes, Argo CD, GitOps, Terraform, AWS, Docker, Linux, Helm","Operator Pattern, Crossplane, Custom Controllers",1,"$68,000 - $88,000"
jd_0404,Senior Software Engineer,ZenithSoft,Senior,"C++, Go, Microservices, Kubernetes, Docker, PostgreSQL, System Design, Agile, Java","Confluent, Apache Avro, Redis Streams, Schema Registry, ksqlDB",5,"$132,000 - $162,000"
jd_0405,Cloud Engineer I,FusionTech Systems,Junior,"AWS, Terraform, Kubernetes, Docker, Linux, Python, CI/CD, Networking","CIS Benchmarks, Golden Images, AMI, Image Hardening",1,"$64,000 - $84,000"
jd_0406,Infrastructure Engineer,HorizonTech,Mid,"GCP, Anthos, Terraform, Istio, Kubernetes, Docker","CIS Benchmarks, Image Hardening, Packer",3,"$100,000 - $125,000"
jd_0407,Principal Engineer,PulseDev Corp,Senior,"C#, .NET, Azure, SQL Server, REST APIs, Git, Unit Testing, Agile, CI/CD","Prometheus, Grafana, GraphQL, Terraform, AWS",7,"$145,000 - $175,000"
jd_0408,Backend Engineer,PeakSoft Labs,Mid,"Python, Flask, SQLAlchemy, PostgreSQL, Docker, Git, REST APIs, Pytest, Redis","AWS, Terraform, Prometheus, Grafana",4,"$93,000 - $119,000"
jd_0409,Research Analyst,XcelCloud,Mid,"Python, SQL, Anomaly Detection, Time Series, Pandas, Scikit-learn, Statistics, Git, Recommendation Engine, Tableau","dbt, ETL, Airflow",3,"$90,000 - $115,000"
jd_0410,Engineering Manager,GridAxis Solutions,Lead,"C++, Go, Microservices, Kubernetes, Docker, PostgreSQL","Azure, A/B Testing, Feature Flags, Contract Testing",8,"$170,000 - $210,000"
jd_0411,Software Engineer,VectorBase Inc.,Mid,"JavaScript, Node.js, TypeScript, PostgreSQL, REST APIs, Docker, Git, Jest","Redis Streams, Confluent, Apache Avro, ksqlDB",3,"$100,000 - $125,000"
jd_0412,Engineering Manager,EvolveCloud,Lead,"C++, Go, Microservices, Kubernetes, Docker, PostgreSQL, System Design, Agile","WebSockets, DuckDB, gRPC streaming, Apache Arrow",9,"$170,000 - $210,000"
jd_0413,Analytics Scientist,KernelOps,Mid,"Python, SQL, dbt, Looker, Statistics, A/B Testing, Pandas, Data Pipelines","Community Detection, NetworkX, Link Prediction",3,"$97,000 - $122,000"
jd_0414,Applied ML Engineer,KeystoneAI,Mid,"Python, Graph Neural Networks, PyTorch Geometric, NetworkX, Feature Engineering, SQL, Docker","Feast, dbt, Data Quality, Tecton",4,"$88,000 - $112,000"
jd_0415,Senior Full Stack Developer,UpStream Tech,Senior,"React, Node.js, TypeScript, DynamoDB, Lambda, AWS, Git","AWS CDK, Terraform, GitOps",6,"$132,000 - $162,000"
jd_0416,Junior Web Developer,Luminary Data Co.,Junior,"Vue 3, Nuxt, TypeScript, PostgreSQL, Pinia, Docker","Canvas API, SVG, D3.js, Data Visualization, Three.js",1,"$68,000 - $88,000"
jd_0417,Principal AI Engineer,ZenithSoft,Lead,"Python, Recommendation Systems, Collaborative Filtering, Spark, SQL, MLOps","Delta Lake, Feature Platform, Spark MLlib, Scala",9,"$165,000 - $205,000"
jd_0418,Cloud Engineer,SolidOps,Mid,"Kubernetes, Cilium, Service Mesh, Istio, Terraform, AWS, Linux","Reserved Instances, FinOps, Spot Instances, Cloud Cost Management, Rightsizing",4,"$88,000 - $112,000"
jd_0419,Software Engineer,ZenithSoft,Mid,"Python, Django, Celery, Redis, PostgreSQL, Docker","Schema Registry, ksqlDB, Apache Avro, Confluent, Redis Streams",3,"$88,000 - $112,000"
jd_0420,Web Application Developer,UpStream Tech,Mid,"Vue.js, Express, JavaScript, MongoDB, REST APIs, Docker, Git","Kafka, Server-Sent Events, Real-time",3,"$90,000 - $115,000"
jd_0421,Principal Data Scientist,Quantum Dynamics,Senior,"Python, SQL, Pandas, Matplotlib, Seaborn, Statistics, Excel, Storytelling, Clustering","BERT, spaCy, Sentiment Analysis, Entity Recognition, NLP",6,"$135,000 - $165,000"
jd_0422,Staff Engineer,YottaData Inc.,Senior,"Python, Flask, SQLAlchemy, PostgreSQL, Docker, Git, REST APIs, Pytest, Linux","Grafana, GraphQL, Terraform, AWS",7,"$138,000 - $168,000"
jd_0423,Senior SRE,LatticeWorks,Senior,"GCP, Terraform, GKE, Docker, Linux, Python, Networking, Security, Service Bus","Operator Pattern, Crossplane, Kubernetes API, CRDs",6,"$130,000 - $160,000"
jd_0424,Senior Web Engineer,HexaData Corp,Senior,"React, Python, FastAPI, PostgreSQL, Redis, Docker, Git, REST APIs","Meilisearch, Elasticsearch, Algolia, OpenSearch",8,"$135,000 - $165,000"
jd_0425,Full Stack Developer,Synapse AI Labs,Mid,"React, Node.js, GraphQL, MongoDB, Redis, AWS","Full-Text Search, Algolia, OpenSearch",4,"$100,000 - $125,000"
jd_0426,Full Stack Tech Lead,SkyBridge Tech,Lead,"Vue.js, Laravel, PHP, MySQL, REST APIs, Docker, Git, CI/CD, MongoDB","Three.js, D3.js, SVG, Canvas API, Data Visualization",8,"$155,000 - $195,000"
jd_0427,Entry-Level Data Scientist,ClearPath AI,Junior,"Python, SQL, Pandas, NumPy, Looker, Statistics, A/B Testing, Jupyter","Data Quality, Data Engineering, ETL",1,"$68,000 - $88,000"
jd_0428,Applied Data Scientist,Nexus Engineering,Mid,"Python, SQL, Causal Inference, Bayesian Statistics, Pandas, Scikit-learn, Jupyter, Git, Data Pipelines","Airflow, ETL, dbt",4,"$95,000 - $120,000"
jd_0429,Junior DevOps Engineer,JetStream Analytics,Junior,"GCP, BigQuery, Dataflow, Terraform, Python, Kubernetes, Docker, Linux, AKS, PowerShell","Vault, Service Discovery, Nomad, Secrets Management",1,"$68,000 - $88,000"
jd_0430,ML Engineer,KeystoneAI,Mid,"Python, Recommendation Systems, Collaborative Filtering, Spark, SQL, MLOps","Databricks, Delta Lake, Spark MLlib, Feature Platform",4,"$95,000 - $120,000"
jd_0431,Full Stack Developer,UltraML Corp,Mid,"React, Node.js, TypeScript, DynamoDB, Lambda, AWS, Git, REST APIs","Payment Integration, Auth0, Stripe, OAuth",3,"$90,000 - $115,000"
jd_0432,Lead Analyst,FlowData Corp,Senior,"Python, SQL, Pandas, Matplotlib, Seaborn, Statistics, Excel, Storytelling, Jupyter","Kubernetes, Docker, MLOps, Model Deployment, API Integration",8,"$138,000 - $168,000"
jd_0433,Cloud Engineer,Tandem Systems,Mid,"Azure, Terraform, AKS, Docker, Linux, PowerShell, CI/CD, IaC, GCP, Kubernetes","Reliability, Chaos Engineering, SLIs, Error Budgets",4,"$95,000 - $120,000"
jd_0434,Platform Engineer,Vanguard Systems,Mid,"Kubernetes, Argo CD, GitOps, Terraform, AWS, Docker, Linux, Helm","Linkerd, Traffic Management, Load Balancing",4,"$88,000 - $112,000"
jd_0435,Applied Data Scientist,Tandem Systems,Mid,"Python, SQL, Natural Language Processing, Text Mining, Pandas, Statistics, Jupyter","Bayesian Modeling, MCMC, Probabilistic Programming, Stan",4,"$97,000 - $122,000"
jd_0436,Staff ML Engineer,Stellar Innovations,Senior,"Python, Reinforcement Learning, PyTorch, OpenAI Gym, Distributed Training, Linux","Spark MLlib, Databricks, Delta Lake, Feature Platform, Scala",7,"$145,000 - $175,000"
jd_0437,Data Scientist,Apex Cloud Inc.,Mid,"Python, SQL, Spark, BigQuery, Tableau, Statistics, A/B Testing, Business Intelligence, Pandas","Entity Recognition, NLP, spaCy, Sentiment Analysis, BERT",4,"$100,000 - $125,000"
jd_0438,Full Stack Developer,Velocity Software,Mid,"Next.js, React, TypeScript, Supabase, PostgreSQL, Docker, Git","tRPC, API Design, OpenAPI, Contract Testing",4,"$100,000 - $125,000"
jd_0439,Associate Data Scientist,EvolveCloud,Junior,"Python, SQL, Pandas, Scikit-learn, XGBoost, Statistics, Tableau, Git","Link Prediction, NetworkX, Neo4j, Graph Analytics",0,"$68,000 - $88,000"
jd_0440,Data Scientist,HorizonTech,Mid,"Python, SQL, Pandas, Matplotlib, Seaborn, Statistics, Excel, Storytelling","spaCy, BERT, Entity Recognition, Sentiment Analysis, NLP",3,"$93,000 - $119,000"
jd_0441,Data Analyst (Scientist Track),Velocity Software,Junior,"Python, SQL, Spark, BigQuery, Tableau, Statistics, A/B Testing","Probabilistic Programming, MCMC, Stan, Bayesian Modeling",1,"$62,000 - $82,000"
jd_0442,AI Engineer,HorizonTech,Mid,"Python, PyTorch, Transformers, HuggingFace, MLflow, Kubernetes, Feature Engineering, Git, Recommendation Systems","PyMC, Stan, R, Probabilistic Programming, Bayesian Inference",3,"$93,000 - $119,000"
jd_0443,Software Engineer (Full Stack),ZenithSoft,Mid,"React, Node.js, GraphQL, MongoDB, Redis, AWS, Docker, Git","React Query, SWR, State Management, Zustand",4,"$95,000 - $120,000"
jd_0444,Senior Research Scientist,KernelOps,Senior,"Python, SQL, Natural Language Processing, Text Mining, Pandas, Statistics, Jupyter, Git","Model Deployment, MLOps, API Integration, Docker, Kubernetes",7,"$132,000 - $162,000"
jd_0445,Associate Full Stack Engineer,FlowData Corp,Junior,"Vue.js, Express, JavaScript, MongoDB, REST APIs, Docker, Git, HTML/CSS","Three.js, SVG, Data Visualization, D3.js",0,"$66,000 - $86,000"
jd_0446,Staff Cloud Engineer,MangoSoft,Senior,"GCP, Terraform, GKE, Docker, Linux, Python, Networking, Security, Kubernetes","Secrets Management, Vault, Service Discovery, Consul, Nomad",7,"$140,000 - $170,000"
jd_0447,AI Engineer,SkyBridge Tech,Mid,"Python, TensorFlow, Keras, Pandas, NumPy, MLOps, SQL, Cloud Platforms","BentoML, Seldon, Kubernetes, Model Registry",3,"$88,000 - $112,000"
jd_0448,Associate SDE,UpStream Tech,Junior,"Java, Microservices, Kafka, Spring Cloud, Redis, PostgreSQL, Docker, Kubernetes, Git","ksqlDB, Apache Avro, Confluent",1,"$60,000 - $80,000"
jd_0449,Full Stack Developer,PulseDev Corp,Mid,"React, Node.js, TypeScript, DynamoDB, Lambda, AWS, Git","Terraform, AWS CDK, Infrastructure as Code, CI/CD",5,"$93,000 - $119,000"
jd_0450,Cloud Engineer I,PulseDev Corp,Junior,"Terraform, Pulumi, AWS, GCP, Kubernetes, Docker","OPA, Kyverno, Policy as Code, RBAC, Admission Controllers",2,"$62,000 - $82,000"
jd_0451,Analytics Scientist,PeakSoft Labs,Mid,"Python, SQL, Pandas, Classification, Clustering, Scikit-learn, Statistics","Feature Store, Spark MLlib, Delta Lake, MLflow",4,"$100,000 - $125,000"
jd_0452,Research Engineer,LatticeWorks,Mid,"Python, PyTorch, Computer Vision, OpenCV, CNNs, MLOps","Milvus, LlamaIndex, Pinecone, Semantic Search, Weaviate",3,"$95,000 - $120,000"
jd_0453,ML Engineer,SkyBridge Tech,Mid,"Python, TensorFlow, Keras, Pandas, NumPy, MLOps, SQL, Cloud Platforms, PyTorch","Ray Serve, Kubernetes, BentoML, Model Registry, Seldon",5,"$88,000 - $112,000"
jd_0454,Entry-Level ML Developer,Apex Cloud Inc.,Junior,"Python, Speech Recognition, Whisper, PyTorch, Audio Processing, MLOps, Docker, Git","CUDA, C++, Rust, TensorRT",1,"$65,000 - $85,000"
jd_0455,ML Tech Lead,BetaOps Inc.,Lead,"Python, Multi-modal Models, Vision-Language, CLIP, PyTorch, Docker, Git","C++, Profiling, Memory Optimization, SIMD",9,"$170,000 - $210,000"
jd_0456,Senior Backend Engineer,QuantumLeap Tech,Senior,"Java, Scala, Apache Kafka, Spark, System Design, Git, REST APIs","Apache Pulsar, OpenTelemetry, React",7,"$130,000 - $160,000"
jd_0457,Software Developer,OmniData Systems,Mid,"Python, C++, Algorithm Design, Data Structures, System Design, Linux, Git","Feature Flags, A/B Testing, OpenAPI, Azure",4,"$93,000 - $119,000"
jd_0458,Cloud Engineer,AlphaStack Corp,Mid,"GCP, Terraform, GKE, Docker, Linux, Python","FluxCD, ArgoCD, GitOps",4,"$97,000 - $122,000"
jd_0459,Director of Analytics,ClearPath AI,Lead,"Python, SQL, SciPy, Pandas, Matplotlib, Regression Analysis, Statistics, Excel, Bayesian Statistics","Kubernetes, API Integration, Model Deployment, Docker, MLOps",10,"$170,000 - $210,000"
jd_0460,Associate SDE,Stellar Innovations,Junior,"Kotlin, Java, Android SDK, REST APIs, Git, Unit Testing","React, Elasticsearch, Apache Pulsar, TypeScript, OpenTelemetry",0,"$62,000 - $82,000"
jd_0461,Associate Data Scientist,AlphaStack Corp,Junior,"Python, SQL, Anomaly Detection, Time Series, Pandas, Scikit-learn, Statistics, Git","Data Quality, Airflow, dbt, Data Engineering",2,"$65,000 - $85,000"
jd_0462,Data Scientist,SkyBridge Tech,Mid,"Python, SQL, Pandas, NumPy, Statistics, Tableau, Jupyter, A/B Testing","Neural Networks, TensorFlow, Computer Vision, Deep Learning, PyTorch",3,"$92,000 - $118,000"
jd_0463,Senior Full Stack Developer,DataNexus Corp,Senior,"React Native, Node.js, TypeScript, MongoDB, REST APIs, Docker, Git","Kafka, Real-time, Redis Pub/Sub, Server-Sent Events",5,"$145,000 - $175,000"
jd_0464,Senior SRE,AlphaStack Corp,Senior,"AWS, ECS, Fargate, Terraform, Docker, Python, CI/CD, Networking","CRDs, Crossplane, Operator Pattern, Custom Controllers",6,"$138,000 - $168,000"
jd_0465,Engineering Lead,Apex Cloud Inc.,Lead,"C++, Go, Microservices, Kubernetes, Docker, PostgreSQL, System Design, Agile, Git, Python","WebSockets, Go, DuckDB, gRPC streaming, Apache Arrow",9,"$168,000 - $208,000"
jd_0466,Associate SDE,SkyBridge Tech,Junior,"Python, FastAPI, PostgreSQL, Redis, Docker, Git, REST APIs, TDD","Rust, Service Mesh, Chaos Engineering",2,"$68,000 - $88,000"
jd_0467,SDE II,SkyBridge Tech,Mid,"Python, Java, Spring Boot, Microservices, SQL, Git, Unit Testing, Agile, CI/CD","PubSub, LiveView, Elixir, Phoenix, GenServer",3,"$92,000 - $118,000"
jd_0468,Senior Data Scientist,DataNexus Corp,Senior,"R, Python, SQL, ggplot2, Shiny, Statistics, Data Cleaning, Storytelling, Jupyter","Ensemble Methods, Stacking, LightGBM, GBM, CatBoost",8,"$135,000 - $165,000"
jd_0469,Analytics Scientist,RiftData Labs,Mid,"Python, SQL, SciPy, Pandas, Matplotlib, Regression Analysis, Statistics, Excel, dbt","API Integration, Docker, MLOps, Kubernetes",4,"$97,000 - $122,000"
jd_0470,Web Application Developer,NovaSky Technologies,Mid,"Next.js, React, TypeScript, Supabase, PostgreSQL, Docker, Git, Tailwind CSS, DynamoDB","WebAssembly, Micro Frontends, Web Workers",4,"$97,000 - $122,000"
jd_0471,Staff Full Stack Engineer,WaveLogic Labs,Senior,"React, Next.js, TypeScript, PostgreSQL, GraphQL, Docker, Git, Tailwind CSS","Web Workers, WebAssembly, GraphQL Federation, PWA, Micro Frontends",8,"$145,000 - $175,000"
jd_0472,Senior Full Stack Developer,NovaSky Technologies,Senior,"Angular, .NET, C#, SQL Server, REST APIs, Azure, Docker","Web Workers, Micro Frontends, PWA, GraphQL Federation",6,"$128,000 - $158,000"
jd_0473,Backend Engineer,Pixel Craft Studio,Mid,"Python, FastAPI, PostgreSQL, Redis, Docker, Git, REST APIs, TDD, Algorithms","Redis Streams, Apache Avro, ksqlDB, Schema Registry",4,"$95,000 - $120,000"
jd_0474,Senior Data Scientist,LatticeWorks,Senior,"Python, SQL, Pandas, Monte Carlo Simulation, Statistics, Excel, Risk Modeling, Jupyter","Ensemble Methods, Stacking, CatBoost, LightGBM",7,"$140,000 - $170,000"
jd_0475,Principal Full Stack Engineer,Stratus Systems,Lead,"React, Node.js, TypeScript, DynamoDB, Lambda, AWS, Git, REST APIs","Payment Integration, Stripe, OAuth, Clerk, Auth0",9,"$168,000 - $208,000"
jd_0476,Quantitative Analyst,Cascade Systems,Mid,"Python, SQL, Databricks, Spark, Delta Lake, Statistics, Pandas, Tableau","API Integration, Model Deployment, Docker, MLOps, Kubernetes",4,"$92,000 - $118,000"
jd_0477,Associate SDE,Cascade Systems,Junior,"Kotlin, Java, Android SDK, REST APIs, Git, Unit Testing, Agile, CI/CD","Contract Testing, Feature Flags, A/B Testing, OpenAPI, Azure",1,"$68,000 - $88,000"
jd_0478,Entry-Level SDE,QuantumLeap Tech,Junior,"Java, Scala, Apache Kafka, Spark, System Design, Git, REST APIs","Grafana, Terraform, Prometheus",0,"$65,000 - $85,000"
jd_0479,Senior Research Engineer,Luminary Data Co.,Senior,"Python, Multi-modal Models, Vision-Language, CLIP, PyTorch, Docker, Git, REST APIs, Kubernetes","Prometheus, Evidently, Data Drift, Grafana, Model Monitoring",7,"$132,000 - $162,000"
jd_0480,Lead Data Scientist,Stratus Systems,Lead,"Python, SQL, Causal Inference, Bayesian Statistics, Pandas, Scikit-learn, Jupyter, Git, Matplotlib","Spark MLlib, Delta Lake, Databricks",10,"$155,000 - $195,000"
jd_0481,Product Engineer,RapidScale Inc.,Mid,"Vue.js, Express, JavaScript, MongoDB, REST APIs, Docker","Auth0, Stripe, Payment Integration",3,"$90,000 - $115,000"
jd_0482,Junior Cloud Engineer,UltraML Corp,Junior,"Azure, Terraform, Azure Functions, Event Grid, Service Bus, Python, Docker, Linux","Performance Tuning, Rust, Go, eBPF, Kernel Networking",2,"$64,000 - $84,000"
jd_0483,Staff Cloud Engineer,YottaData Inc.,Senior,"GCP, Terraform, GKE, Docker, Linux, Python","Packer, Golden Images, CIS Benchmarks, AMI",5,"$128,000 - $158,000"
jd_0484,Senior Cloud Engineer,Vanguard Systems,Senior,"Azure, Terraform, AKS, Docker, Linux, PowerShell, CI/CD","Dynatrace, OpenTelemetry, DataDog, Distributed Tracing",7,"$135,000 - $165,000"
jd_0485,Backend Engineer,HexaData Corp,Mid,"Python, C++, Algorithm Design, Data Structures, System Design, Linux, Git","Vector DBs, Python, ML basics, LLM APIs",3,"$97,000 - $122,000"
jd_0486,Lead Cloud Engineer,NovaSky Technologies,Lead,"Azure, Terraform, Azure Functions, Event Grid, Service Bus, Python, Docker, Linux","RBAC, OPA, Kyverno, Admission Controllers",10,"$160,000 - $200,000"
jd_0487,Engineering Manager,OmniData Systems,Lead,"C++, Multithreading, System Programming, Linux, CMake, Git","Feature Flags, Azure, OpenAPI",10,"$175,000 - $215,000"
jd_0488,Staff Full Stack Engineer,Meridian Analytics,Senior,"Angular, .NET, C#, SQL Server, REST APIs, Azure, Docker, Git, React","D3.js, Data Visualization, SVG",6,"$132,000 - $162,000"
jd_0489,Senior Platform Engineer,ClearPath AI,Senior,"AWS, Security Hub, IAM, KMS, Terraform, Kubernetes, Linux, Compliance","Dynatrace, Distributed Tracing, New Relic, OpenTelemetry, DataDog",7,"$128,000 - $158,000"
jd_0490,Lead ML Engineer,DawnByte Inc.,Lead,"Python, TensorFlow, TFX, Vertex AI, BigQuery, MLOps","Delta Lake, Databricks, Scala",10,"$170,000 - $210,000"
jd_0491,Software Engineer (Full Stack),KernelOps,Mid,"React, Next.js, TypeScript, PostgreSQL, GraphQL, Docker, Git, Tailwind CSS","Kafka, Real-time, WebSockets, Redis Pub/Sub",3,"$90,000 - $115,000"
jd_0492,Junior Web Developer,Synapse AI Labs,Junior,"Vue.js, Express, JavaScript, MongoDB, REST APIs, Docker, Git, HTML/CSS, PostgreSQL","Elasticsearch, Meilisearch, Full-Text Search",2,"$70,000 - $90,000"
jd_0493,Principal ML Engineer,ZenithSoft,Senior,"Python, TensorFlow, TFX, Vertex AI, BigQuery, MLOps, Feature Engineering, CI/CD, Docker","Data Quality, dbt, Tecton, Great Expectations, Feast",6,"$145,000 - $175,000"
jd_0494,Staff Full Stack Engineer,Stellar Innovations,Senior,"React, Ruby on Rails, PostgreSQL, Redis, Sidekiq, Docker","Real-time, Kafka, WebSockets, Redis Pub/Sub, Server-Sent Events",6,"$135,000 - $165,000"
jd_0495,Infrastructure Engineer,JetStream Analytics,Mid,"Terraform, Pulumi, AWS, GCP, Kubernetes, Docker","CIS Benchmarks, Image Hardening, AMI, Golden Images",5,"$92,000 - $118,000"
jd_0496,Senior Research Scientist,JupiterCloud,Senior,"Python, SQL, Pandas, Scikit-learn, Feature Engineering, Statistics","Stan, Bayesian Modeling, MCMC, Probabilistic Programming, PyMC",7,"$140,000 - $170,000"
jd_0497,Senior Research Engineer,HaloTech Systems,Senior,"Python, PyTorch, Transformers, HuggingFace, MLflow, Kubernetes, Feature Engineering, Git, Airflow","JAX, Julia, XLA, Distributed Training, TPU Programming",7,"$145,000 - $175,000"
jd_0498,Staff Data Scientist,UltraML Corp,Senior,"Python, SQL, Pandas, Time Series Analysis, Forecasting, Tableau","Data Quality, dbt, Data Engineering, Airflow, ETL",5,"$140,000 - $170,000"
jd_0499,Lead Data Scientist,TurboStack,Lead,"Python, SQL, Pandas, Monte Carlo Simulation, Statistics, Excel, Risk Modeling","Streamlit, R Shiny, Bokeh",8,"$168,000 - $208,000"
jd_0500,Full Stack Developer,Cascade Systems,Mid,"Angular, .NET, C#, SQL Server, REST APIs, Azure, Docker","Datadog, OpenTelemetry, Logging, Sentry, Monitoring",3,"$95,000 - $120,000"
